-- phpMyAdmin SQL Dump
-- version 5.2.0
-- https://www.phpmyadmin.net/
--
-- Host: localhost
-- Generation Time: Jul 27, 2022 at 08:15 PM
-- Server version: 5.7.38
-- PHP Version: 8.0.20

SET SQL_MODE = "NO_AUTO_VALUE_ON_ZERO";
START TRANSACTION;
SET time_zone = "+00:00";


/*!40101 SET @OLD_CHARACTER_SET_CLIENT=@@CHARACTER_SET_CLIENT */;
/*!40101 SET @OLD_CHARACTER_SET_RESULTS=@@CHARACTER_SET_RESULTS */;
/*!40101 SET @OLD_COLLATION_CONNECTION=@@COLLATION_CONNECTION */;
/*!40101 SET NAMES utf8mb4 */;

--
-- Database: `shopify_quiz_db`
--

-- --------------------------------------------------------

--
-- Table structure for table `tbl_config`
--

CREATE TABLE `tbl_config` (
  `id` int(11) NOT NULL,
  `config_key` varchar(255) NOT NULL,
  `config_value` varchar(255) NOT NULL
) ENGINE=InnoDB DEFAULT CHARSET=latin1;

--
-- Dumping data for table `tbl_config`
--

INSERT INTO `tbl_config` (`id`, `config_key`, `config_value`) VALUES
(1, 'PASSCODE', 'TEST');

-- --------------------------------------------------------

--
-- Table structure for table `tbl_questions`
--

CREATE TABLE `tbl_questions` (
  `q_id` int(11) NOT NULL,
  `question` longtext NOT NULL,
  `question_type` int(11) NOT NULL COMMENT '1: single select multiple choice, 2: multi select multiple choice, 3: true/false',
  `status` int(11) NOT NULL DEFAULT '0',
  `created_at` timestamp NOT NULL DEFAULT CURRENT_TIMESTAMP,
  `created_by` int(11) DEFAULT NULL,
  `updated_at` timestamp NOT NULL DEFAULT CURRENT_TIMESTAMP ON UPDATE CURRENT_TIMESTAMP,
  `updated_by` int(11) NOT NULL
) ENGINE=InnoDB DEFAULT CHARSET=latin1;

--
-- Dumping data for table `tbl_questions`
--

INSERT INTO `tbl_questions` (`q_id`, `question`, `question_type`, `status`, `created_at`, `created_by`, `updated_at`, `updated_by`) VALUES
(41, '&lt;p&gt;Which one is the&lt;i&gt;&lt;strong&gt; static&lt;/strong&gt;&lt;/i&gt; section? f&lt;/p&gt;', 1, 1, '2022-07-08 09:49:47', 2, '2022-07-22 06:52:01', 2),
(42, '&lt;p&gt;Which one is the dynamic section?&lt;/p&gt;', 1, 1, '2022-07-08 09:50:55', 2, '2022-07-22 06:52:01', 2),
(43, '&lt;p&gt;What\'s a locale file and the extension of files?&lt;/p&gt;', 1, 1, '2022-07-08 09:52:48', 2, '2022-07-22 06:52:01', 2),
(44, '&lt;p&gt;How many blocks can we create in a section?&lt;/p&gt;', 1, 1, '2022-07-08 10:01:25', 2, '2022-07-22 06:52:01', 2),
(45, '&lt;p&gt;Why should we use {%- something -%} instead of this {% something %}?&lt;/p&gt;', 1, 1, '2022-07-08 10:02:52', 2, '2022-07-22 06:52:01', 2),
(46, '&lt;p&gt;Is it possible to declare more than one block array in a section??&lt;/p&gt;', 3, 1, '2022-07-08 10:05:07', 2, '2022-07-22 06:52:01', 2),
(47, '&lt;figure class=&quot;image&quot;&gt;&lt;img src=&quot;http://localhost/ShopifyQuiz/admin/uploadFile/files/code.png&quot;&gt;&lt;/figure&gt;', 1, 1, '2022-07-08 10:18:39', 2, '2022-07-22 06:52:01', 2),
(48, '&lt;p&gt;Which JavaScript virtual machine is using by Safari Browser. Select Multiple Options if more than one?&lt;/p&gt;', 2, 1, '2022-07-08 10:41:21', 2, '2022-07-22 06:52:01', 2),
(49, '&lt;p&gt;TEst&lt;/p&gt;&lt;figure class=&quot;image image_resized&quot; style=&quot;width:29.37%;&quot;&gt;&lt;img src=&quot;http://localhost/ShopifyQuiz/admin/uploadFile/files/linkedin-logo-png-2026.png&quot;&gt;&lt;/figure&gt;', 3, 1, '2022-07-08 13:34:50', 2, '2022-07-22 06:52:01', 2);

-- --------------------------------------------------------

--
-- Table structure for table `tbl_question_answer`
--

CREATE TABLE `tbl_question_answer` (
  `qa_id` int(11) NOT NULL,
  `q_id` int(11) NOT NULL,
  `answer_option` longtext NOT NULL,
  `created_by` int(11) DEFAULT NULL,
  `created_at` timestamp NOT NULL DEFAULT CURRENT_TIMESTAMP,
  `updated_by` int(11) DEFAULT NULL,
  `updated_at` timestamp NOT NULL DEFAULT CURRENT_TIMESTAMP ON UPDATE CURRENT_TIMESTAMP
) ENGINE=InnoDB DEFAULT CHARSET=latin1;

--
-- Dumping data for table `tbl_question_answer`
--

INSERT INTO `tbl_question_answer` (`qa_id`, `q_id`, `answer_option`, `created_by`, `created_at`, `updated_by`, `updated_at`) VALUES
(36, 41, 'a:1:{i:0;s:1:&quot;4&quot;;}', 2, '2022-07-08 09:49:47', 2, '2022-07-08 09:49:47'),
(37, 42, 'a:1:{i:0;s:1:&quot;3&quot;;}', 2, '2022-07-08 09:50:55', 2, '2022-07-08 09:50:55'),
(38, 43, 'a:1:{i:0;s:1:&quot;2&quot;;}', 2, '2022-07-08 09:52:48', 2, '2022-07-08 09:52:48'),
(39, 44, 'a:1:{i:0;s:1:&quot;4&quot;;}', 2, '2022-07-08 10:01:25', 2, '2022-07-08 10:01:25'),
(40, 45, 'a:1:{i:0;s:1:&quot;2&quot;;}', 2, '2022-07-08 10:02:52', 2, '2022-07-08 10:02:52'),
(41, 46, 'a:1:{i:0;s:4:&quot;True&quot;;}', 2, '2022-07-08 10:05:07', 2, '2022-07-08 10:05:07'),
(42, 47, 'a:1:{i:0;s:1:&quot;3&quot;;}', 2, '2022-07-08 10:18:39', 2, '2022-07-08 10:18:39'),
(43, 48, 'a:3:{i:0;s:1:&quot;1&quot;;i:1;s:1:&quot;2&quot;;i:2;s:1:&quot;4&quot;;}', 2, '2022-07-08 10:41:21', 2, '2022-07-13 07:58:13'),
(44, 49, 'a:1:{i:0;s:4:&quot;True&quot;;}', 2, '2022-07-08 13:34:50', 2, '2022-07-08 13:34:50');

-- --------------------------------------------------------

--
-- Table structure for table `tbl_question_options`
--

CREATE TABLE `tbl_question_options` (
  `options_id` int(11) NOT NULL,
  `q_id` int(11) NOT NULL,
  `q_option` longtext NOT NULL,
  `status` int(11) NOT NULL DEFAULT '1',
  `created_at` timestamp NOT NULL DEFAULT CURRENT_TIMESTAMP,
  `created_by` int(11) DEFAULT NULL,
  `updated_at` timestamp NOT NULL DEFAULT CURRENT_TIMESTAMP ON UPDATE CURRENT_TIMESTAMP,
  `updated_by` int(11) DEFAULT NULL
) ENGINE=InnoDB DEFAULT CHARSET=latin1;

--
-- Dumping data for table `tbl_question_options`
--

INSERT INTO `tbl_question_options` (`options_id`, `q_id`, `q_option`, `status`, `created_at`, `created_by`, `updated_at`, `updated_by`) VALUES
(36, 41, 'a:5:{i:0;s:15:&quot;Collection list&quot;;i:1;s:17:&quot;Featured Products&quot;;i:2;s:9:&quot;Slideshow&quot;;i:3;s:6:&quot;Header&quot;;i:4;s:4:&quot;True&quot;;}', 1, '2022-07-08 09:49:47', 2, '2022-07-08 10:44:55', 2),
(37, 42, 'a:4:{i:0;s:6:&quot;Header&quot;;i:1;s:16:&quot;Product Template&quot;;i:2;s:17:&quot;Featured Products&quot;;i:3;s:6:&quot;Footer&quot;;}', 1, '2022-07-08 09:50:55', 2, '2022-07-08 09:50:55', 2),
(38, 43, 'a:4:{i:0;s:36:&quot;Used for displaying section, .liquid&quot;;i:1;s:37:&quot;Contains a set of translations, .json&quot;;i:2;s:53:&quot;every language that\'s available in the theme, .liquid&quot;;i:3;s:39:&quot;Contains a set of translations, .liquid&quot;;}', 1, '2022-07-08 09:52:48', 2, '2022-07-08 09:52:48', 2),
(39, 44, 'a:4:{i:0;s:1:&quot;5&quot;;i:1;s:1:&quot;2&quot;;i:2;s:1:&quot;1&quot;;i:3;s:8:&quot;No limit&quot;;}', 1, '2022-07-08 10:01:25', 2, '2022-07-08 10:01:25', 2),
(40, 45, 'a:4:{i:0;s:9:&quot;No effect&quot;;i:1;s:17:&quot;Remove whitespace&quot;;i:2;s:15:&quot;Minify the code&quot;;i:3;s:13:&quot;None of these&quot;;}', 1, '2022-07-08 10:02:52', 2, '2022-07-08 10:02:52', 2),
(41, 46, 'a:2:{i:0;s:4:&quot;True&quot;;i:1;s:5:&quot;False&quot;;}', 1, '2022-07-08 10:05:07', 2, '2022-07-08 10:05:07', 2),
(42, 47, 'a:5:{i:0;s:18:&quot;50px, 150px, 300px&quot;;i:1;s:18:&quot;50px, 200px, 300px&quot;;i:2;s:18:&quot;50px, 100px, 200px&quot;;i:3;s:17:&quot;50px, 50px, 100px&quot;;i:4;s:4:&quot;True&quot;;}', 1, '2022-07-08 10:18:39', 2, '2022-07-08 10:19:04', 2),
(43, 48, 'a:5:{i:0;s:5:&quot;Nitro&quot;;i:1;s:2:&quot;V8&quot;;i:2;s:14:&quot;JavaScriptCore&quot;;i:3;s:6:&quot;Chakra&quot;;i:4;s:4:&quot;True&quot;;}', 1, '2022-07-08 10:41:21', 2, '2022-07-13 07:58:13', 2),
(44, 49, 'a:2:{i:0;s:4:&quot;True&quot;;i:1;s:5:&quot;False&quot;;}', 1, '2022-07-08 13:34:50', 2, '2022-07-08 13:34:50', 2);

-- --------------------------------------------------------

--
-- Table structure for table `tbl_score`
--

CREATE TABLE `tbl_score` (
  `score_id` int(11) NOT NULL,
  `test_code` varchar(255) NOT NULL,
  `email_id` varchar(255) NOT NULL,
  `total_q` int(11) NOT NULL,
  `not_answered_q` int(11) NOT NULL,
  `answered_q` int(11) NOT NULL,
  `correct_q` longtext,
  `wrong_q` int(11) NOT NULL,
  `obtain_mark` int(11) NOT NULL,
  `result` varchar(25) DEFAULT NULL,
  `is_allow_retest` int(11) NOT NULL DEFAULT '0',
  `created_at` timestamp NOT NULL DEFAULT CURRENT_TIMESTAMP
) ENGINE=InnoDB DEFAULT CHARSET=latin1;

--
-- Dumping data for table `tbl_score`
--

INSERT INTO `tbl_score` (`score_id`, `test_code`, `email_id`, `total_q`, `not_answered_q`, `answered_q`, `correct_q`, `wrong_q`, `obtain_mark`, `result`, `is_allow_retest`, `created_at`) VALUES
(1, 'ydUsjsrDc3', 'adityapatel2021sep@cedcommerce.com', 9, 0, 9, '2', 7, 2, NULL, 1, '2022-07-25 05:44:11'),
(2, 'ydUsjsrDc3', 'abc@gmail.com', 9, 0, 9, '3', 6, 3, NULL, 0, '2022-07-27 12:32:21'),
(3, 'ydUsjsrDc3', 'abcdfdf@gmail.com', 9, 0, 9, '2', 7, 2, NULL, 0, '2022-07-27 14:27:59'),
(4, 'ydUsjsrDc3', 'abddc@gmail.com', 9, 9, 0, '0', 0, 0, NULL, 0, '2022-07-27 14:37:43'),
(5, 'ydUsjsrDc3', 'adityapatel2021sep@cedcommerce.com', 9, 2, 7, '1', 6, 1, NULL, 0, '2022-07-27 14:42:40');

-- --------------------------------------------------------

--
-- Table structure for table `tbl_score_details`
--

CREATE TABLE `tbl_score_details` (
  `score_details_id` int(11) NOT NULL,
  `score_id` int(11) NOT NULL,
  `question_response` text NOT NULL,
  `created_at` timestamp NOT NULL DEFAULT CURRENT_TIMESTAMP
) ENGINE=InnoDB DEFAULT CHARSET=latin1;

--
-- Dumping data for table `tbl_score_details`
--

INSERT INTO `tbl_score_details` (`score_details_id`, `score_id`, `question_response`, `created_at`) VALUES
(1, 1, 'a:9:{i:0;a:4:{s:13:&quot;question_data&quot;;O:8:&quot;stdClass&quot;:8:{s:4:&quot;q_id&quot;;s:2:&quot;48&quot;;s:8:&quot;question&quot;;s:121:&quot;&amp;lt;p&amp;gt;Which JavaScript virtual machine is using by Safari Browser. Select Multiple Options if more than one?&amp;lt;/p&amp;gt;&quot;;s:13:&quot;question_type&quot;;s:1:&quot;2&quot;;s:6:&quot;status&quot;;s:1:&quot;1&quot;;s:10:&quot;created_at&quot;;s:19:&quot;2022-07-08 16:11:21&quot;;s:10:&quot;created_by&quot;;s:1:&quot;2&quot;;s:10:&quot;updated_at&quot;;s:19:&quot;2022-07-22 12:22:01&quot;;s:10:&quot;updated_by&quot;;s:1:&quot;2&quot;;}s:11:&quot;option_data&quot;;O:8:&quot;stdClass&quot;:8:{s:10:&quot;options_id&quot;;s:2:&quot;43&quot;;s:4:&quot;q_id&quot;;s:2:&quot;48&quot;;s:8:&quot;q_option&quot;;s:143:&quot;a:5:{i:0;s:5:&amp;quot;Nitro&amp;quot;;i:1;s:2:&amp;quot;V8&amp;quot;;i:2;s:14:&amp;quot;JavaScriptCore&amp;quot;;i:3;s:6:&amp;quot;Chakra&amp;quot;;i:4;s:4:&amp;quot;True&amp;quot;;}&quot;;s:6:&quot;status&quot;;s:1:&quot;1&quot;;s:10:&quot;created_at&quot;;s:19:&quot;2022-07-08 16:11:21&quot;;s:10:&quot;created_by&quot;;s:1:&quot;2&quot;;s:10:&quot;updated_at&quot;;s:19:&quot;2022-07-13 13:28:13&quot;;s:10:&quot;updated_by&quot;;s:1:&quot;2&quot;;}s:11:&quot;answer_data&quot;;O:8:&quot;stdClass&quot;:7:{s:5:&quot;qa_id&quot;;s:2:&quot;43&quot;;s:4:&quot;q_id&quot;;s:2:&quot;48&quot;;s:13:&quot;answer_option&quot;;s:72:&quot;a:3:{i:0;s:1:&amp;quot;1&amp;quot;;i:1;s:1:&amp;quot;2&amp;quot;;i:2;s:1:&amp;quot;4&amp;quot;;}&quot;;s:10:&quot;created_by&quot;;s:1:&quot;2&quot;;s:10:&quot;created_at&quot;;s:19:&quot;2022-07-08 16:11:21&quot;;s:10:&quot;updated_by&quot;;s:1:&quot;2&quot;;s:10:&quot;updated_at&quot;;s:19:&quot;2022-07-13 13:28:13&quot;;}s:12:&quot;given_answer&quot;;a:3:{i:0;s:1:&quot;1&quot;;i:1;s:1:&quot;2&quot;;i:2;s:1:&quot;3&quot;;}}i:1;a:4:{s:13:&quot;question_data&quot;;O:8:&quot;stdClass&quot;:8:{s:4:&quot;q_id&quot;;s:2:&quot;42&quot;;s:8:&quot;question&quot;;s:52:&quot;&amp;lt;p&amp;gt;Which one is the dynamic section?&amp;lt;/p&amp;gt;&quot;;s:13:&quot;question_type&quot;;s:1:&quot;1&quot;;s:6:&quot;status&quot;;s:1:&quot;1&quot;;s:10:&quot;created_at&quot;;s:19:&quot;2022-07-08 15:20:55&quot;;s:10:&quot;created_by&quot;;s:1:&quot;2&quot;;s:10:&quot;updated_at&quot;;s:19:&quot;2022-07-22 12:22:01&quot;;s:10:&quot;updated_by&quot;;s:1:&quot;2&quot;;}s:11:&quot;option_data&quot;;O:8:&quot;stdClass&quot;:8:{s:10:&quot;options_id&quot;;s:2:&quot;37&quot;;s:4:&quot;q_id&quot;;s:2:&quot;42&quot;;s:8:&quot;q_option&quot;;s:137:&quot;a:4:{i:0;s:6:&amp;quot;Header&amp;quot;;i:1;s:16:&amp;quot;Product Template&amp;quot;;i:2;s:17:&amp;quot;Featured Products&amp;quot;;i:3;s:6:&amp;quot;Footer&amp;quot;;}&quot;;s:6:&quot;status&quot;;s:1:&quot;1&quot;;s:10:&quot;created_at&quot;;s:19:&quot;2022-07-08 15:20:55&quot;;s:10:&quot;created_by&quot;;s:1:&quot;2&quot;;s:10:&quot;updated_at&quot;;s:19:&quot;2022-07-08 15:20:55&quot;;s:10:&quot;updated_by&quot;;s:1:&quot;2&quot;;}s:11:&quot;answer_data&quot;;O:8:&quot;stdClass&quot;:7:{s:5:&quot;qa_id&quot;;s:2:&quot;37&quot;;s:4:&quot;q_id&quot;;s:2:&quot;42&quot;;s:13:&quot;answer_option&quot;;s:28:&quot;a:1:{i:0;s:1:&amp;quot;3&amp;quot;;}&quot;;s:10:&quot;created_by&quot;;s:1:&quot;2&quot;;s:10:&quot;created_at&quot;;s:19:&quot;2022-07-08 15:20:55&quot;;s:10:&quot;updated_by&quot;;s:1:&quot;2&quot;;s:10:&quot;updated_at&quot;;s:19:&quot;2022-07-08 15:20:55&quot;;}s:12:&quot;given_answer&quot;;a:1:{i:0;s:1:&quot;1&quot;;}}i:2;a:4:{s:13:&quot;question_data&quot;;O:8:&quot;stdClass&quot;:8:{s:4:&quot;q_id&quot;;s:2:&quot;49&quot;;s:8:&quot;question&quot;;s:228:&quot;&amp;lt;p&amp;gt;TEst&amp;lt;/p&amp;gt;&amp;lt;figure class=&amp;quot;image image_resized&amp;quot; style=&amp;quot;width:29.37%;&amp;quot;&amp;gt;&amp;lt;img src=&amp;quot;http://localhost/ShopifyQuiz/admin/uploadFile/files/linkedin-logo-png-2026.png&amp;quot;&amp;gt;&amp;lt;/figure&amp;gt;&quot;;s:13:&quot;question_type&quot;;s:1:&quot;3&quot;;s:6:&quot;status&quot;;s:1:&quot;1&quot;;s:10:&quot;created_at&quot;;s:19:&quot;2022-07-08 19:04:50&quot;;s:10:&quot;created_by&quot;;s:1:&quot;2&quot;;s:10:&quot;updated_at&quot;;s:19:&quot;2022-07-22 12:22:01&quot;;s:10:&quot;updated_by&quot;;s:1:&quot;2&quot;;}s:11:&quot;option_data&quot;;O:8:&quot;stdClass&quot;:8:{s:10:&quot;options_id&quot;;s:2:&quot;44&quot;;s:4:&quot;q_id&quot;;s:2:&quot;49&quot;;s:8:&quot;q_option&quot;;s:57:&quot;a:2:{i:0;s:4:&amp;quot;True&amp;quot;;i:1;s:5:&amp;quot;False&amp;quot;;}&quot;;s:6:&quot;status&quot;;s:1:&quot;1&quot;;s:10:&quot;created_at&quot;;s:19:&quot;2022-07-08 19:04:50&quot;;s:10:&quot;created_by&quot;;s:1:&quot;2&quot;;s:10:&quot;updated_at&quot;;s:19:&quot;2022-07-08 19:04:50&quot;;s:10:&quot;updated_by&quot;;s:1:&quot;2&quot;;}s:11:&quot;answer_data&quot;;O:8:&quot;stdClass&quot;:7:{s:5:&quot;qa_id&quot;;s:2:&quot;44&quot;;s:4:&quot;q_id&quot;;s:2:&quot;49&quot;;s:13:&quot;answer_option&quot;;s:31:&quot;a:1:{i:0;s:4:&amp;quot;True&amp;quot;;}&quot;;s:10:&quot;created_by&quot;;s:1:&quot;2&quot;;s:10:&quot;created_at&quot;;s:19:&quot;2022-07-08 19:04:50&quot;;s:10:&quot;updated_by&quot;;s:1:&quot;2&quot;;s:10:&quot;updated_at&quot;;s:19:&quot;2022-07-08 19:04:50&quot;;}s:12:&quot;given_answer&quot;;a:1:{i:0;s:5:&quot;False&quot;;}}i:3;a:4:{s:13:&quot;question_data&quot;;O:8:&quot;stdClass&quot;:8:{s:4:&quot;q_id&quot;;s:2:&quot;44&quot;;s:8:&quot;question&quot;;s:62:&quot;&amp;lt;p&amp;gt;How many blocks can we create in a section?&amp;lt;/p&amp;gt;&quot;;s:13:&quot;question_type&quot;;s:1:&quot;1&quot;;s:6:&quot;status&quot;;s:1:&quot;1&quot;;s:10:&quot;created_at&quot;;s:19:&quot;2022-07-08 15:31:25&quot;;s:10:&quot;created_by&quot;;s:1:&quot;2&quot;;s:10:&quot;updated_at&quot;;s:19:&quot;2022-07-22 12:22:01&quot;;s:10:&quot;updated_by&quot;;s:1:&quot;2&quot;;}s:11:&quot;option_data&quot;;O:8:&quot;stdClass&quot;:8:{s:10:&quot;options_id&quot;;s:2:&quot;39&quot;;s:4:&quot;q_id&quot;;s:2:&quot;44&quot;;s:8:&quot;q_option&quot;;s:101:&quot;a:4:{i:0;s:1:&amp;quot;5&amp;quot;;i:1;s:1:&amp;quot;2&amp;quot;;i:2;s:1:&amp;quot;1&amp;quot;;i:3;s:8:&amp;quot;No limit&amp;quot;;}&quot;;s:6:&quot;status&quot;;s:1:&quot;1&quot;;s:10:&quot;created_at&quot;;s:19:&quot;2022-07-08 15:31:25&quot;;s:10:&quot;created_by&quot;;s:1:&quot;2&quot;;s:10:&quot;updated_at&quot;;s:19:&quot;2022-07-08 15:31:25&quot;;s:10:&quot;updated_by&quot;;s:1:&quot;2&quot;;}s:11:&quot;answer_data&quot;;O:8:&quot;stdClass&quot;:7:{s:5:&quot;qa_id&quot;;s:2:&quot;39&quot;;s:4:&quot;q_id&quot;;s:2:&quot;44&quot;;s:13:&quot;answer_option&quot;;s:28:&quot;a:1:{i:0;s:1:&amp;quot;4&amp;quot;;}&quot;;s:10:&quot;created_by&quot;;s:1:&quot;2&quot;;s:10:&quot;created_at&quot;;s:19:&quot;2022-07-08 15:31:25&quot;;s:10:&quot;updated_by&quot;;s:1:&quot;2&quot;;s:10:&quot;updated_at&quot;;s:19:&quot;2022-07-08 15:31:25&quot;;}s:12:&quot;given_answer&quot;;a:1:{i:0;s:1:&quot;1&quot;;}}i:4;a:4:{s:13:&quot;question_data&quot;;O:8:&quot;stdClass&quot;:8:{s:4:&quot;q_id&quot;;s:2:&quot;41&quot;;s:8:&quot;question&quot;;s:101:&quot;&amp;lt;p&amp;gt;Which one is the&amp;lt;i&amp;gt;&amp;lt;strong&amp;gt; static&amp;lt;/strong&amp;gt;&amp;lt;/i&amp;gt; section? f&amp;lt;/p&amp;gt;&quot;;s:13:&quot;question_type&quot;;s:1:&quot;1&quot;;s:6:&quot;status&quot;;s:1:&quot;1&quot;;s:10:&quot;created_at&quot;;s:19:&quot;2022-07-08 15:19:47&quot;;s:10:&quot;created_by&quot;;s:1:&quot;2&quot;;s:10:&quot;updated_at&quot;;s:19:&quot;2022-07-22 12:22:01&quot;;s:10:&quot;updated_by&quot;;s:1:&quot;2&quot;;}s:11:&quot;option_data&quot;;O:8:&quot;stdClass&quot;:8:{s:10:&quot;options_id&quot;;s:2:&quot;36&quot;;s:4:&quot;q_id&quot;;s:2:&quot;41&quot;;s:8:&quot;q_option&quot;;s:164:&quot;a:5:{i:0;s:15:&amp;quot;Collection list&amp;quot;;i:1;s:17:&amp;quot;Featured Products&amp;quot;;i:2;s:9:&amp;quot;Slideshow&amp;quot;;i:3;s:6:&amp;quot;Header&amp;quot;;i:4;s:4:&amp;quot;True&amp;quot;;}&quot;;s:6:&quot;status&quot;;s:1:&quot;1&quot;;s:10:&quot;created_at&quot;;s:19:&quot;2022-07-08 15:19:47&quot;;s:10:&quot;created_by&quot;;s:1:&quot;2&quot;;s:10:&quot;updated_at&quot;;s:19:&quot;2022-07-08 16:14:55&quot;;s:10:&quot;updated_by&quot;;s:1:&quot;2&quot;;}s:11:&quot;answer_data&quot;;O:8:&quot;stdClass&quot;:7:{s:5:&quot;qa_id&quot;;s:2:&quot;36&quot;;s:4:&quot;q_id&quot;;s:2:&quot;41&quot;;s:13:&quot;answer_option&quot;;s:28:&quot;a:1:{i:0;s:1:&amp;quot;4&amp;quot;;}&quot;;s:10:&quot;created_by&quot;;s:1:&quot;2&quot;;s:10:&quot;created_at&quot;;s:19:&quot;2022-07-08 15:19:47&quot;;s:10:&quot;updated_by&quot;;s:1:&quot;2&quot;;s:10:&quot;updated_at&quot;;s:19:&quot;2022-07-08 15:19:47&quot;;}s:12:&quot;given_answer&quot;;a:1:{i:0;s:1:&quot;1&quot;;}}i:5;a:4:{s:13:&quot;question_data&quot;;O:8:&quot;stdClass&quot;:8:{s:4:&quot;q_id&quot;;s:2:&quot;47&quot;;s:8:&quot;question&quot;;s:141:&quot;&amp;lt;figure class=&amp;quot;image&amp;quot;&amp;gt;&amp;lt;img src=&amp;quot;http://localhost/ShopifyQuiz/admin/uploadFile/files/code.png&amp;quot;&amp;gt;&amp;lt;/figure&amp;gt;&quot;;s:13:&quot;question_type&quot;;s:1:&quot;1&quot;;s:6:&quot;status&quot;;s:1:&quot;1&quot;;s:10:&quot;created_at&quot;;s:19:&quot;2022-07-08 15:48:39&quot;;s:10:&quot;created_by&quot;;s:1:&quot;2&quot;;s:10:&quot;updated_at&quot;;s:19:&quot;2022-07-22 12:22:01&quot;;s:10:&quot;updated_by&quot;;s:1:&quot;2&quot;;}s:11:&quot;option_data&quot;;O:8:&quot;stdClass&quot;:8:{s:10:&quot;options_id&quot;;s:2:&quot;42&quot;;s:4:&quot;q_id&quot;;s:2:&quot;47&quot;;s:8:&quot;q_option&quot;;s:190:&quot;a:5:{i:0;s:18:&amp;quot;50px, 150px, 300px&amp;quot;;i:1;s:18:&amp;quot;50px, 200px, 300px&amp;quot;;i:2;s:18:&amp;quot;50px, 100px, 200px&amp;quot;;i:3;s:17:&amp;quot;50px, 50px, 100px&amp;quot;;i:4;s:4:&amp;quot;True&amp;quot;;}&quot;;s:6:&quot;status&quot;;s:1:&quot;1&quot;;s:10:&quot;created_at&quot;;s:19:&quot;2022-07-08 15:48:39&quot;;s:10:&quot;created_by&quot;;s:1:&quot;2&quot;;s:10:&quot;updated_at&quot;;s:19:&quot;2022-07-08 15:49:04&quot;;s:10:&quot;updated_by&quot;;s:1:&quot;2&quot;;}s:11:&quot;answer_data&quot;;O:8:&quot;stdClass&quot;:7:{s:5:&quot;qa_id&quot;;s:2:&quot;42&quot;;s:4:&quot;q_id&quot;;s:2:&quot;47&quot;;s:13:&quot;answer_option&quot;;s:28:&quot;a:1:{i:0;s:1:&amp;quot;3&amp;quot;;}&quot;;s:10:&quot;created_by&quot;;s:1:&quot;2&quot;;s:10:&quot;created_at&quot;;s:19:&quot;2022-07-08 15:48:39&quot;;s:10:&quot;updated_by&quot;;s:1:&quot;2&quot;;s:10:&quot;updated_at&quot;;s:19:&quot;2022-07-08 15:48:39&quot;;}s:12:&quot;given_answer&quot;;a:1:{i:0;s:1:&quot;3&quot;;}}i:6;a:4:{s:13:&quot;question_data&quot;;O:8:&quot;stdClass&quot;:8:{s:4:&quot;q_id&quot;;s:2:&quot;46&quot;;s:8:&quot;question&quot;;s:85:&quot;&amp;lt;p&amp;gt;Is it possible to declare more than one block array in a section??&amp;lt;/p&amp;gt;&quot;;s:13:&quot;question_type&quot;;s:1:&quot;3&quot;;s:6:&quot;status&quot;;s:1:&quot;1&quot;;s:10:&quot;created_at&quot;;s:19:&quot;2022-07-08 15:35:07&quot;;s:10:&quot;created_by&quot;;s:1:&quot;2&quot;;s:10:&quot;updated_at&quot;;s:19:&quot;2022-07-22 12:22:01&quot;;s:10:&quot;updated_by&quot;;s:1:&quot;2&quot;;}s:11:&quot;option_data&quot;;O:8:&quot;stdClass&quot;:8:{s:10:&quot;options_id&quot;;s:2:&quot;41&quot;;s:4:&quot;q_id&quot;;s:2:&quot;46&quot;;s:8:&quot;q_option&quot;;s:57:&quot;a:2:{i:0;s:4:&amp;quot;True&amp;quot;;i:1;s:5:&amp;quot;False&amp;quot;;}&quot;;s:6:&quot;status&quot;;s:1:&quot;1&quot;;s:10:&quot;created_at&quot;;s:19:&quot;2022-07-08 15:35:07&quot;;s:10:&quot;created_by&quot;;s:1:&quot;2&quot;;s:10:&quot;updated_at&quot;;s:19:&quot;2022-07-08 15:35:07&quot;;s:10:&quot;updated_by&quot;;s:1:&quot;2&quot;;}s:11:&quot;answer_data&quot;;O:8:&quot;stdClass&quot;:7:{s:5:&quot;qa_id&quot;;s:2:&quot;41&quot;;s:4:&quot;q_id&quot;;s:2:&quot;46&quot;;s:13:&quot;answer_option&quot;;s:31:&quot;a:1:{i:0;s:4:&amp;quot;True&amp;quot;;}&quot;;s:10:&quot;created_by&quot;;s:1:&quot;2&quot;;s:10:&quot;created_at&quot;;s:19:&quot;2022-07-08 15:35:07&quot;;s:10:&quot;updated_by&quot;;s:1:&quot;2&quot;;s:10:&quot;updated_at&quot;;s:19:&quot;2022-07-08 15:35:07&quot;;}s:12:&quot;given_answer&quot;;a:1:{i:0;s:5:&quot;False&quot;;}}i:7;a:4:{s:13:&quot;question_data&quot;;O:8:&quot;stdClass&quot;:8:{s:4:&quot;q_id&quot;;s:2:&quot;43&quot;;s:8:&quot;question&quot;;s:67:&quot;&amp;lt;p&amp;gt;What\'s a locale file and the extension of files?&amp;lt;/p&amp;gt;&quot;;s:13:&quot;question_type&quot;;s:1:&quot;1&quot;;s:6:&quot;status&quot;;s:1:&quot;1&quot;;s:10:&quot;created_at&quot;;s:19:&quot;2022-07-08 15:22:48&quot;;s:10:&quot;created_by&quot;;s:1:&quot;2&quot;;s:10:&quot;updated_at&quot;;s:19:&quot;2022-07-22 12:22:01&quot;;s:10:&quot;updated_by&quot;;s:1:&quot;2&quot;;}s:11:&quot;option_data&quot;;O:8:&quot;stdClass&quot;:8:{s:10:&quot;options_id&quot;;s:2:&quot;38&quot;;s:4:&quot;q_id&quot;;s:2:&quot;43&quot;;s:8:&quot;q_option&quot;;s:259:&quot;a:4:{i:0;s:36:&amp;quot;Used for displaying section, .liquid&amp;quot;;i:1;s:37:&amp;quot;Contains a set of translations, .json&amp;quot;;i:2;s:53:&amp;quot;every language that\'s available in the theme, .liquid&amp;quot;;i:3;s:39:&amp;quot;Contains a set of translations, .liquid&amp;quot;;}&quot;;s:6:&quot;status&quot;;s:1:&quot;1&quot;;s:10:&quot;created_at&quot;;s:19:&quot;2022-07-08 15:22:48&quot;;s:10:&quot;created_by&quot;;s:1:&quot;2&quot;;s:10:&quot;updated_at&quot;;s:19:&quot;2022-07-08 15:22:48&quot;;s:10:&quot;updated_by&quot;;s:1:&quot;2&quot;;}s:11:&quot;answer_data&quot;;O:8:&quot;stdClass&quot;:7:{s:5:&quot;qa_id&quot;;s:2:&quot;38&quot;;s:4:&quot;q_id&quot;;s:2:&quot;43&quot;;s:13:&quot;answer_option&quot;;s:28:&quot;a:1:{i:0;s:1:&amp;quot;2&amp;quot;;}&quot;;s:10:&quot;created_by&quot;;s:1:&quot;2&quot;;s:10:&quot;created_at&quot;;s:19:&quot;2022-07-08 15:22:48&quot;;s:10:&quot;updated_by&quot;;s:1:&quot;2&quot;;s:10:&quot;updated_at&quot;;s:19:&quot;2022-07-08 15:22:48&quot;;}s:12:&quot;given_answer&quot;;a:1:{i:0;s:1:&quot;1&quot;;}}i:8;a:4:{s:13:&quot;question_data&quot;;O:8:&quot;stdClass&quot;:8:{s:4:&quot;q_id&quot;;s:2:&quot;45&quot;;s:8:&quot;question&quot;;s:87:&quot;&amp;lt;p&amp;gt;Why should we use {%- something -%} instead of this {% something %}?&amp;lt;/p&amp;gt;&quot;;s:13:&quot;question_type&quot;;s:1:&quot;1&quot;;s:6:&quot;status&quot;;s:1:&quot;1&quot;;s:10:&quot;created_at&quot;;s:19:&quot;2022-07-08 15:32:52&quot;;s:10:&quot;created_by&quot;;s:1:&quot;2&quot;;s:10:&quot;updated_at&quot;;s:19:&quot;2022-07-22 12:22:01&quot;;s:10:&quot;updated_by&quot;;s:1:&quot;2&quot;;}s:11:&quot;option_data&quot;;O:8:&quot;stdClass&quot;:8:{s:10:&quot;options_id&quot;;s:2:&quot;40&quot;;s:4:&quot;q_id&quot;;s:2:&quot;45&quot;;s:8:&quot;q_option&quot;;s:147:&quot;a:4:{i:0;s:9:&amp;quot;No effect&amp;quot;;i:1;s:17:&amp;quot;Remove whitespace&amp;quot;;i:2;s:15:&amp;quot;Minify the code&amp;quot;;i:3;s:13:&amp;quot;None of these&amp;quot;;}&quot;;s:6:&quot;status&quot;;s:1:&quot;1&quot;;s:10:&quot;created_at&quot;;s:19:&quot;2022-07-08 15:32:52&quot;;s:10:&quot;created_by&quot;;s:1:&quot;2&quot;;s:10:&quot;updated_at&quot;;s:19:&quot;2022-07-08 15:32:52&quot;;s:10:&quot;updated_by&quot;;s:1:&quot;2&quot;;}s:11:&quot;answer_data&quot;;O:8:&quot;stdClass&quot;:7:{s:5:&quot;qa_id&quot;;s:2:&quot;40&quot;;s:4:&quot;q_id&quot;;s:2:&quot;45&quot;;s:13:&quot;answer_option&quot;;s:28:&quot;a:1:{i:0;s:1:&amp;quot;2&amp;quot;;}&quot;;s:10:&quot;created_by&quot;;s:1:&quot;2&quot;;s:10:&quot;created_at&quot;;s:19:&quot;2022-07-08 15:32:52&quot;;s:10:&quot;updated_by&quot;;s:1:&quot;2&quot;;s:10:&quot;updated_at&quot;;s:19:&quot;2022-07-08 15:32:52&quot;;}s:12:&quot;given_answer&quot;;a:1:{i:0;s:1:&quot;2&quot;;}}}', '2022-07-25 05:44:11'),
(2, 2, 'a:9:{i:0;a:5:{s:13:&quot;question_data&quot;;O:8:&quot;stdClass&quot;:8:{s:4:&quot;q_id&quot;;s:2:&quot;46&quot;;s:8:&quot;question&quot;;s:85:&quot;&amp;lt;p&amp;gt;Is it possible to declare more than one block array in a section??&amp;lt;/p&amp;gt;&quot;;s:13:&quot;question_type&quot;;s:1:&quot;3&quot;;s:6:&quot;status&quot;;s:1:&quot;1&quot;;s:10:&quot;created_at&quot;;s:19:&quot;2022-07-08 15:35:07&quot;;s:10:&quot;created_by&quot;;s:1:&quot;2&quot;;s:10:&quot;updated_at&quot;;s:19:&quot;2022-07-22 12:22:01&quot;;s:10:&quot;updated_by&quot;;s:1:&quot;2&quot;;}s:11:&quot;option_data&quot;;O:8:&quot;stdClass&quot;:8:{s:10:&quot;options_id&quot;;s:2:&quot;41&quot;;s:4:&quot;q_id&quot;;s:2:&quot;46&quot;;s:8:&quot;q_option&quot;;s:57:&quot;a:2:{i:0;s:4:&amp;quot;True&amp;quot;;i:1;s:5:&amp;quot;False&amp;quot;;}&quot;;s:6:&quot;status&quot;;s:1:&quot;1&quot;;s:10:&quot;created_at&quot;;s:19:&quot;2022-07-08 15:35:07&quot;;s:10:&quot;created_by&quot;;s:1:&quot;2&quot;;s:10:&quot;updated_at&quot;;s:19:&quot;2022-07-08 15:35:07&quot;;s:10:&quot;updated_by&quot;;s:1:&quot;2&quot;;}s:11:&quot;answer_data&quot;;O:8:&quot;stdClass&quot;:7:{s:5:&quot;qa_id&quot;;s:2:&quot;41&quot;;s:4:&quot;q_id&quot;;s:2:&quot;46&quot;;s:13:&quot;answer_option&quot;;s:31:&quot;a:1:{i:0;s:4:&amp;quot;True&amp;quot;;}&quot;;s:10:&quot;created_by&quot;;s:1:&quot;2&quot;;s:10:&quot;created_at&quot;;s:19:&quot;2022-07-08 15:35:07&quot;;s:10:&quot;updated_by&quot;;s:1:&quot;2&quot;;s:10:&quot;updated_at&quot;;s:19:&quot;2022-07-08 15:35:07&quot;;}s:12:&quot;given_answer&quot;;a:1:{i:0;s:5:&quot;False&quot;;}s:10:&quot;is_correct&quot;;s:2:&quot;No&quot;;}i:1;a:5:{s:13:&quot;question_data&quot;;O:8:&quot;stdClass&quot;:8:{s:4:&quot;q_id&quot;;s:2:&quot;42&quot;;s:8:&quot;question&quot;;s:52:&quot;&amp;lt;p&amp;gt;Which one is the dynamic section?&amp;lt;/p&amp;gt;&quot;;s:13:&quot;question_type&quot;;s:1:&quot;1&quot;;s:6:&quot;status&quot;;s:1:&quot;1&quot;;s:10:&quot;created_at&quot;;s:19:&quot;2022-07-08 15:20:55&quot;;s:10:&quot;created_by&quot;;s:1:&quot;2&quot;;s:10:&quot;updated_at&quot;;s:19:&quot;2022-07-22 12:22:01&quot;;s:10:&quot;updated_by&quot;;s:1:&quot;2&quot;;}s:11:&quot;option_data&quot;;O:8:&quot;stdClass&quot;:8:{s:10:&quot;options_id&quot;;s:2:&quot;37&quot;;s:4:&quot;q_id&quot;;s:2:&quot;42&quot;;s:8:&quot;q_option&quot;;s:137:&quot;a:4:{i:0;s:6:&amp;quot;Header&amp;quot;;i:1;s:16:&amp;quot;Product Template&amp;quot;;i:2;s:17:&amp;quot;Featured Products&amp;quot;;i:3;s:6:&amp;quot;Footer&amp;quot;;}&quot;;s:6:&quot;status&quot;;s:1:&quot;1&quot;;s:10:&quot;created_at&quot;;s:19:&quot;2022-07-08 15:20:55&quot;;s:10:&quot;created_by&quot;;s:1:&quot;2&quot;;s:10:&quot;updated_at&quot;;s:19:&quot;2022-07-08 15:20:55&quot;;s:10:&quot;updated_by&quot;;s:1:&quot;2&quot;;}s:11:&quot;answer_data&quot;;O:8:&quot;stdClass&quot;:7:{s:5:&quot;qa_id&quot;;s:2:&quot;37&quot;;s:4:&quot;q_id&quot;;s:2:&quot;42&quot;;s:13:&quot;answer_option&quot;;s:28:&quot;a:1:{i:0;s:1:&amp;quot;3&amp;quot;;}&quot;;s:10:&quot;created_by&quot;;s:1:&quot;2&quot;;s:10:&quot;created_at&quot;;s:19:&quot;2022-07-08 15:20:55&quot;;s:10:&quot;updated_by&quot;;s:1:&quot;2&quot;;s:10:&quot;updated_at&quot;;s:19:&quot;2022-07-08 15:20:55&quot;;}s:12:&quot;given_answer&quot;;a:1:{i:0;s:1:&quot;2&quot;;}s:10:&quot;is_correct&quot;;s:2:&quot;No&quot;;}i:2;a:5:{s:13:&quot;question_data&quot;;O:8:&quot;stdClass&quot;:8:{s:4:&quot;q_id&quot;;s:2:&quot;41&quot;;s:8:&quot;question&quot;;s:101:&quot;&amp;lt;p&amp;gt;Which one is the&amp;lt;i&amp;gt;&amp;lt;strong&amp;gt; static&amp;lt;/strong&amp;gt;&amp;lt;/i&amp;gt; section? f&amp;lt;/p&amp;gt;&quot;;s:13:&quot;question_type&quot;;s:1:&quot;1&quot;;s:6:&quot;status&quot;;s:1:&quot;1&quot;;s:10:&quot;created_at&quot;;s:19:&quot;2022-07-08 15:19:47&quot;;s:10:&quot;created_by&quot;;s:1:&quot;2&quot;;s:10:&quot;updated_at&quot;;s:19:&quot;2022-07-22 12:22:01&quot;;s:10:&quot;updated_by&quot;;s:1:&quot;2&quot;;}s:11:&quot;option_data&quot;;O:8:&quot;stdClass&quot;:8:{s:10:&quot;options_id&quot;;s:2:&quot;36&quot;;s:4:&quot;q_id&quot;;s:2:&quot;41&quot;;s:8:&quot;q_option&quot;;s:164:&quot;a:5:{i:0;s:15:&amp;quot;Collection list&amp;quot;;i:1;s:17:&amp;quot;Featured Products&amp;quot;;i:2;s:9:&amp;quot;Slideshow&amp;quot;;i:3;s:6:&amp;quot;Header&amp;quot;;i:4;s:4:&amp;quot;True&amp;quot;;}&quot;;s:6:&quot;status&quot;;s:1:&quot;1&quot;;s:10:&quot;created_at&quot;;s:19:&quot;2022-07-08 15:19:47&quot;;s:10:&quot;created_by&quot;;s:1:&quot;2&quot;;s:10:&quot;updated_at&quot;;s:19:&quot;2022-07-08 16:14:55&quot;;s:10:&quot;updated_by&quot;;s:1:&quot;2&quot;;}s:11:&quot;answer_data&quot;;O:8:&quot;stdClass&quot;:7:{s:5:&quot;qa_id&quot;;s:2:&quot;36&quot;;s:4:&quot;q_id&quot;;s:2:&quot;41&quot;;s:13:&quot;answer_option&quot;;s:28:&quot;a:1:{i:0;s:1:&amp;quot;4&amp;quot;;}&quot;;s:10:&quot;created_by&quot;;s:1:&quot;2&quot;;s:10:&quot;created_at&quot;;s:19:&quot;2022-07-08 15:19:47&quot;;s:10:&quot;updated_by&quot;;s:1:&quot;2&quot;;s:10:&quot;updated_at&quot;;s:19:&quot;2022-07-08 15:19:47&quot;;}s:12:&quot;given_answer&quot;;a:1:{i:0;s:1:&quot;1&quot;;}s:10:&quot;is_correct&quot;;s:2:&quot;No&quot;;}i:3;a:5:{s:13:&quot;question_data&quot;;O:8:&quot;stdClass&quot;:8:{s:4:&quot;q_id&quot;;s:2:&quot;44&quot;;s:8:&quot;question&quot;;s:62:&quot;&amp;lt;p&amp;gt;How many blocks can we create in a section?&amp;lt;/p&amp;gt;&quot;;s:13:&quot;question_type&quot;;s:1:&quot;1&quot;;s:6:&quot;status&quot;;s:1:&quot;1&quot;;s:10:&quot;created_at&quot;;s:19:&quot;2022-07-08 15:31:25&quot;;s:10:&quot;created_by&quot;;s:1:&quot;2&quot;;s:10:&quot;updated_at&quot;;s:19:&quot;2022-07-22 12:22:01&quot;;s:10:&quot;updated_by&quot;;s:1:&quot;2&quot;;}s:11:&quot;option_data&quot;;O:8:&quot;stdClass&quot;:8:{s:10:&quot;options_id&quot;;s:2:&quot;39&quot;;s:4:&quot;q_id&quot;;s:2:&quot;44&quot;;s:8:&quot;q_option&quot;;s:101:&quot;a:4:{i:0;s:1:&amp;quot;5&amp;quot;;i:1;s:1:&amp;quot;2&amp;quot;;i:2;s:1:&amp;quot;1&amp;quot;;i:3;s:8:&amp;quot;No limit&amp;quot;;}&quot;;s:6:&quot;status&quot;;s:1:&quot;1&quot;;s:10:&quot;created_at&quot;;s:19:&quot;2022-07-08 15:31:25&quot;;s:10:&quot;created_by&quot;;s:1:&quot;2&quot;;s:10:&quot;updated_at&quot;;s:19:&quot;2022-07-08 15:31:25&quot;;s:10:&quot;updated_by&quot;;s:1:&quot;2&quot;;}s:11:&quot;answer_data&quot;;O:8:&quot;stdClass&quot;:7:{s:5:&quot;qa_id&quot;;s:2:&quot;39&quot;;s:4:&quot;q_id&quot;;s:2:&quot;44&quot;;s:13:&quot;answer_option&quot;;s:28:&quot;a:1:{i:0;s:1:&amp;quot;4&amp;quot;;}&quot;;s:10:&quot;created_by&quot;;s:1:&quot;2&quot;;s:10:&quot;created_at&quot;;s:19:&quot;2022-07-08 15:31:25&quot;;s:10:&quot;updated_by&quot;;s:1:&quot;2&quot;;s:10:&quot;updated_at&quot;;s:19:&quot;2022-07-08 15:31:25&quot;;}s:12:&quot;given_answer&quot;;a:1:{i:0;s:1:&quot;1&quot;;}s:10:&quot;is_correct&quot;;s:2:&quot;No&quot;;}i:4;a:5:{s:13:&quot;question_data&quot;;O:8:&quot;stdClass&quot;:8:{s:4:&quot;q_id&quot;;s:2:&quot;43&quot;;s:8:&quot;question&quot;;s:67:&quot;&amp;lt;p&amp;gt;What\'s a locale file and the extension of files?&amp;lt;/p&amp;gt;&quot;;s:13:&quot;question_type&quot;;s:1:&quot;1&quot;;s:6:&quot;status&quot;;s:1:&quot;1&quot;;s:10:&quot;created_at&quot;;s:19:&quot;2022-07-08 15:22:48&quot;;s:10:&quot;created_by&quot;;s:1:&quot;2&quot;;s:10:&quot;updated_at&quot;;s:19:&quot;2022-07-22 12:22:01&quot;;s:10:&quot;updated_by&quot;;s:1:&quot;2&quot;;}s:11:&quot;option_data&quot;;O:8:&quot;stdClass&quot;:8:{s:10:&quot;options_id&quot;;s:2:&quot;38&quot;;s:4:&quot;q_id&quot;;s:2:&quot;43&quot;;s:8:&quot;q_option&quot;;s:259:&quot;a:4:{i:0;s:36:&amp;quot;Used for displaying section, .liquid&amp;quot;;i:1;s:37:&amp;quot;Contains a set of translations, .json&amp;quot;;i:2;s:53:&amp;quot;every language that\'s available in the theme, .liquid&amp;quot;;i:3;s:39:&amp;quot;Contains a set of translations, .liquid&amp;quot;;}&quot;;s:6:&quot;status&quot;;s:1:&quot;1&quot;;s:10:&quot;created_at&quot;;s:19:&quot;2022-07-08 15:22:48&quot;;s:10:&quot;created_by&quot;;s:1:&quot;2&quot;;s:10:&quot;updated_at&quot;;s:19:&quot;2022-07-08 15:22:48&quot;;s:10:&quot;updated_by&quot;;s:1:&quot;2&quot;;}s:11:&quot;answer_data&quot;;O:8:&quot;stdClass&quot;:7:{s:5:&quot;qa_id&quot;;s:2:&quot;38&quot;;s:4:&quot;q_id&quot;;s:2:&quot;43&quot;;s:13:&quot;answer_option&quot;;s:28:&quot;a:1:{i:0;s:1:&amp;quot;2&amp;quot;;}&quot;;s:10:&quot;created_by&quot;;s:1:&quot;2&quot;;s:10:&quot;created_at&quot;;s:19:&quot;2022-07-08 15:22:48&quot;;s:10:&quot;updated_by&quot;;s:1:&quot;2&quot;;s:10:&quot;updated_at&quot;;s:19:&quot;2022-07-08 15:22:48&quot;;}s:12:&quot;given_answer&quot;;a:1:{i:0;s:1:&quot;1&quot;;}s:10:&quot;is_correct&quot;;s:2:&quot;No&quot;;}i:5;a:5:{s:13:&quot;question_data&quot;;O:8:&quot;stdClass&quot;:8:{s:4:&quot;q_id&quot;;s:2:&quot;48&quot;;s:8:&quot;question&quot;;s:121:&quot;&amp;lt;p&amp;gt;Which JavaScript virtual machine is using by Safari Browser. Select Multiple Options if more than one?&amp;lt;/p&amp;gt;&quot;;s:13:&quot;question_type&quot;;s:1:&quot;2&quot;;s:6:&quot;status&quot;;s:1:&quot;1&quot;;s:10:&quot;created_at&quot;;s:19:&quot;2022-07-08 16:11:21&quot;;s:10:&quot;created_by&quot;;s:1:&quot;2&quot;;s:10:&quot;updated_at&quot;;s:19:&quot;2022-07-22 12:22:01&quot;;s:10:&quot;updated_by&quot;;s:1:&quot;2&quot;;}s:11:&quot;option_data&quot;;O:8:&quot;stdClass&quot;:8:{s:10:&quot;options_id&quot;;s:2:&quot;43&quot;;s:4:&quot;q_id&quot;;s:2:&quot;48&quot;;s:8:&quot;q_option&quot;;s:143:&quot;a:5:{i:0;s:5:&amp;quot;Nitro&amp;quot;;i:1;s:2:&amp;quot;V8&amp;quot;;i:2;s:14:&amp;quot;JavaScriptCore&amp;quot;;i:3;s:6:&amp;quot;Chakra&amp;quot;;i:4;s:4:&amp;quot;True&amp;quot;;}&quot;;s:6:&quot;status&quot;;s:1:&quot;1&quot;;s:10:&quot;created_at&quot;;s:19:&quot;2022-07-08 16:11:21&quot;;s:10:&quot;created_by&quot;;s:1:&quot;2&quot;;s:10:&quot;updated_at&quot;;s:19:&quot;2022-07-13 13:28:13&quot;;s:10:&quot;updated_by&quot;;s:1:&quot;2&quot;;}s:11:&quot;answer_data&quot;;O:8:&quot;stdClass&quot;:7:{s:5:&quot;qa_id&quot;;s:2:&quot;43&quot;;s:4:&quot;q_id&quot;;s:2:&quot;48&quot;;s:13:&quot;answer_option&quot;;s:72:&quot;a:3:{i:0;s:1:&amp;quot;1&amp;quot;;i:1;s:1:&amp;quot;2&amp;quot;;i:2;s:1:&amp;quot;4&amp;quot;;}&quot;;s:10:&quot;created_by&quot;;s:1:&quot;2&quot;;s:10:&quot;created_at&quot;;s:19:&quot;2022-07-08 16:11:21&quot;;s:10:&quot;updated_by&quot;;s:1:&quot;2&quot;;s:10:&quot;updated_at&quot;;s:19:&quot;2022-07-13 13:28:13&quot;;}s:12:&quot;given_answer&quot;;a:2:{i:0;s:1:&quot;1&quot;;i:1;s:1:&quot;2&quot;;}s:10:&quot;is_correct&quot;;s:2:&quot;No&quot;;}i:6;a:5:{s:13:&quot;question_data&quot;;O:8:&quot;stdClass&quot;:8:{s:4:&quot;q_id&quot;;s:2:&quot;45&quot;;s:8:&quot;question&quot;;s:87:&quot;&amp;lt;p&amp;gt;Why should we use {%- something -%} instead of this {% something %}?&amp;lt;/p&amp;gt;&quot;;s:13:&quot;question_type&quot;;s:1:&quot;1&quot;;s:6:&quot;status&quot;;s:1:&quot;1&quot;;s:10:&quot;created_at&quot;;s:19:&quot;2022-07-08 15:32:52&quot;;s:10:&quot;created_by&quot;;s:1:&quot;2&quot;;s:10:&quot;updated_at&quot;;s:19:&quot;2022-07-22 12:22:01&quot;;s:10:&quot;updated_by&quot;;s:1:&quot;2&quot;;}s:11:&quot;option_data&quot;;O:8:&quot;stdClass&quot;:8:{s:10:&quot;options_id&quot;;s:2:&quot;40&quot;;s:4:&quot;q_id&quot;;s:2:&quot;45&quot;;s:8:&quot;q_option&quot;;s:147:&quot;a:4:{i:0;s:9:&amp;quot;No effect&amp;quot;;i:1;s:17:&amp;quot;Remove whitespace&amp;quot;;i:2;s:15:&amp;quot;Minify the code&amp;quot;;i:3;s:13:&amp;quot;None of these&amp;quot;;}&quot;;s:6:&quot;status&quot;;s:1:&quot;1&quot;;s:10:&quot;created_at&quot;;s:19:&quot;2022-07-08 15:32:52&quot;;s:10:&quot;created_by&quot;;s:1:&quot;2&quot;;s:10:&quot;updated_at&quot;;s:19:&quot;2022-07-08 15:32:52&quot;;s:10:&quot;updated_by&quot;;s:1:&quot;2&quot;;}s:11:&quot;answer_data&quot;;O:8:&quot;stdClass&quot;:7:{s:5:&quot;qa_id&quot;;s:2:&quot;40&quot;;s:4:&quot;q_id&quot;;s:2:&quot;45&quot;;s:13:&quot;answer_option&quot;;s:28:&quot;a:1:{i:0;s:1:&amp;quot;2&amp;quot;;}&quot;;s:10:&quot;created_by&quot;;s:1:&quot;2&quot;;s:10:&quot;created_at&quot;;s:19:&quot;2022-07-08 15:32:52&quot;;s:10:&quot;updated_by&quot;;s:1:&quot;2&quot;;s:10:&quot;updated_at&quot;;s:19:&quot;2022-07-08 15:32:52&quot;;}s:12:&quot;given_answer&quot;;a:1:{i:0;s:1:&quot;2&quot;;}s:10:&quot;is_correct&quot;;s:3:&quot;Yes&quot;;}i:7;a:5:{s:13:&quot;question_data&quot;;O:8:&quot;stdClass&quot;:8:{s:4:&quot;q_id&quot;;s:2:&quot;47&quot;;s:8:&quot;question&quot;;s:141:&quot;&amp;lt;figure class=&amp;quot;image&amp;quot;&amp;gt;&amp;lt;img src=&amp;quot;http://localhost/ShopifyQuiz/admin/uploadFile/files/code.png&amp;quot;&amp;gt;&amp;lt;/figure&amp;gt;&quot;;s:13:&quot;question_type&quot;;s:1:&quot;1&quot;;s:6:&quot;status&quot;;s:1:&quot;1&quot;;s:10:&quot;created_at&quot;;s:19:&quot;2022-07-08 15:48:39&quot;;s:10:&quot;created_by&quot;;s:1:&quot;2&quot;;s:10:&quot;updated_at&quot;;s:19:&quot;2022-07-22 12:22:01&quot;;s:10:&quot;updated_by&quot;;s:1:&quot;2&quot;;}s:11:&quot;option_data&quot;;O:8:&quot;stdClass&quot;:8:{s:10:&quot;options_id&quot;;s:2:&quot;42&quot;;s:4:&quot;q_id&quot;;s:2:&quot;47&quot;;s:8:&quot;q_option&quot;;s:190:&quot;a:5:{i:0;s:18:&amp;quot;50px, 150px, 300px&amp;quot;;i:1;s:18:&amp;quot;50px, 200px, 300px&amp;quot;;i:2;s:18:&amp;quot;50px, 100px, 200px&amp;quot;;i:3;s:17:&amp;quot;50px, 50px, 100px&amp;quot;;i:4;s:4:&amp;quot;True&amp;quot;;}&quot;;s:6:&quot;status&quot;;s:1:&quot;1&quot;;s:10:&quot;created_at&quot;;s:19:&quot;2022-07-08 15:48:39&quot;;s:10:&quot;created_by&quot;;s:1:&quot;2&quot;;s:10:&quot;updated_at&quot;;s:19:&quot;2022-07-08 15:49:04&quot;;s:10:&quot;updated_by&quot;;s:1:&quot;2&quot;;}s:11:&quot;answer_data&quot;;O:8:&quot;stdClass&quot;:7:{s:5:&quot;qa_id&quot;;s:2:&quot;42&quot;;s:4:&quot;q_id&quot;;s:2:&quot;47&quot;;s:13:&quot;answer_option&quot;;s:28:&quot;a:1:{i:0;s:1:&amp;quot;3&amp;quot;;}&quot;;s:10:&quot;created_by&quot;;s:1:&quot;2&quot;;s:10:&quot;created_at&quot;;s:19:&quot;2022-07-08 15:48:39&quot;;s:10:&quot;updated_by&quot;;s:1:&quot;2&quot;;s:10:&quot;updated_at&quot;;s:19:&quot;2022-07-08 15:48:39&quot;;}s:12:&quot;given_answer&quot;;a:1:{i:0;s:1:&quot;3&quot;;}s:10:&quot;is_correct&quot;;s:3:&quot;Yes&quot;;}i:8;a:5:{s:13:&quot;question_data&quot;;O:8:&quot;stdClass&quot;:8:{s:4:&quot;q_id&quot;;s:2:&quot;49&quot;;s:8:&quot;question&quot;;s:228:&quot;&amp;lt;p&amp;gt;TEst&amp;lt;/p&amp;gt;&amp;lt;figure class=&amp;quot;image image_resized&amp;quot; style=&amp;quot;width:29.37%;&amp;quot;&amp;gt;&amp;lt;img src=&amp;quot;http://localhost/ShopifyQuiz/admin/uploadFile/files/linkedin-logo-png-2026.png&amp;quot;&amp;gt;&amp;lt;/figure&amp;gt;&quot;;s:13:&quot;question_type&quot;;s:1:&quot;3&quot;;s:6:&quot;status&quot;;s:1:&quot;1&quot;;s:10:&quot;created_at&quot;;s:19:&quot;2022-07-08 19:04:50&quot;;s:10:&quot;created_by&quot;;s:1:&quot;2&quot;;s:10:&quot;updated_at&quot;;s:19:&quot;2022-07-22 12:22:01&quot;;s:10:&quot;updated_by&quot;;s:1:&quot;2&quot;;}s:11:&quot;option_data&quot;;O:8:&quot;stdClass&quot;:8:{s:10:&quot;options_id&quot;;s:2:&quot;44&quot;;s:4:&quot;q_id&quot;;s:2:&quot;49&quot;;s:8:&quot;q_option&quot;;s:57:&quot;a:2:{i:0;s:4:&amp;quot;True&amp;quot;;i:1;s:5:&amp;quot;False&amp;quot;;}&quot;;s:6:&quot;status&quot;;s:1:&quot;1&quot;;s:10:&quot;created_at&quot;;s:19:&quot;2022-07-08 19:04:50&quot;;s:10:&quot;created_by&quot;;s:1:&quot;2&quot;;s:10:&quot;updated_at&quot;;s:19:&quot;2022-07-08 19:04:50&quot;;s:10:&quot;updated_by&quot;;s:1:&quot;2&quot;;}s:11:&quot;answer_data&quot;;O:8:&quot;stdClass&quot;:7:{s:5:&quot;qa_id&quot;;s:2:&quot;44&quot;;s:4:&quot;q_id&quot;;s:2:&quot;49&quot;;s:13:&quot;answer_option&quot;;s:31:&quot;a:1:{i:0;s:4:&amp;quot;True&amp;quot;;}&quot;;s:10:&quot;created_by&quot;;s:1:&quot;2&quot;;s:10:&quot;created_at&quot;;s:19:&quot;2022-07-08 19:04:50&quot;;s:10:&quot;updated_by&quot;;s:1:&quot;2&quot;;s:10:&quot;updated_at&quot;;s:19:&quot;2022-07-08 19:04:50&quot;;}s:12:&quot;given_answer&quot;;a:1:{i:0;s:4:&quot;True&quot;;}s:10:&quot;is_correct&quot;;s:3:&quot;Yes&quot;;}}', '2022-07-27 12:32:21'),
(3, 3, 'a:9:{i:0;a:5:{s:13:&quot;question_data&quot;;O:8:&quot;stdClass&quot;:8:{s:4:&quot;q_id&quot;;s:2:&quot;45&quot;;s:8:&quot;question&quot;;s:87:&quot;&amp;lt;p&amp;gt;Why should we use {%- something -%} instead of this {% something %}?&amp;lt;/p&amp;gt;&quot;;s:13:&quot;question_type&quot;;s:1:&quot;1&quot;;s:6:&quot;status&quot;;s:1:&quot;1&quot;;s:10:&quot;created_at&quot;;s:19:&quot;2022-07-08 15:32:52&quot;;s:10:&quot;created_by&quot;;s:1:&quot;2&quot;;s:10:&quot;updated_at&quot;;s:19:&quot;2022-07-22 12:22:01&quot;;s:10:&quot;updated_by&quot;;s:1:&quot;2&quot;;}s:11:&quot;option_data&quot;;O:8:&quot;stdClass&quot;:8:{s:10:&quot;options_id&quot;;s:2:&quot;40&quot;;s:4:&quot;q_id&quot;;s:2:&quot;45&quot;;s:8:&quot;q_option&quot;;s:147:&quot;a:4:{i:0;s:9:&amp;quot;No effect&amp;quot;;i:1;s:17:&amp;quot;Remove whitespace&amp;quot;;i:2;s:15:&amp;quot;Minify the code&amp;quot;;i:3;s:13:&amp;quot;None of these&amp;quot;;}&quot;;s:6:&quot;status&quot;;s:1:&quot;1&quot;;s:10:&quot;created_at&quot;;s:19:&quot;2022-07-08 15:32:52&quot;;s:10:&quot;created_by&quot;;s:1:&quot;2&quot;;s:10:&quot;updated_at&quot;;s:19:&quot;2022-07-08 15:32:52&quot;;s:10:&quot;updated_by&quot;;s:1:&quot;2&quot;;}s:11:&quot;answer_data&quot;;O:8:&quot;stdClass&quot;:7:{s:5:&quot;qa_id&quot;;s:2:&quot;40&quot;;s:4:&quot;q_id&quot;;s:2:&quot;45&quot;;s:13:&quot;answer_option&quot;;s:28:&quot;a:1:{i:0;s:1:&amp;quot;2&amp;quot;;}&quot;;s:10:&quot;created_by&quot;;s:1:&quot;2&quot;;s:10:&quot;created_at&quot;;s:19:&quot;2022-07-08 15:32:52&quot;;s:10:&quot;updated_by&quot;;s:1:&quot;2&quot;;s:10:&quot;updated_at&quot;;s:19:&quot;2022-07-08 15:32:52&quot;;}s:12:&quot;given_answer&quot;;a:1:{i:0;s:1:&quot;1&quot;;}s:10:&quot;is_correct&quot;;s:2:&quot;No&quot;;}i:1;a:5:{s:13:&quot;question_data&quot;;O:8:&quot;stdClass&quot;:8:{s:4:&quot;q_id&quot;;s:2:&quot;43&quot;;s:8:&quot;question&quot;;s:67:&quot;&amp;lt;p&amp;gt;What\'s a locale file and the extension of files?&amp;lt;/p&amp;gt;&quot;;s:13:&quot;question_type&quot;;s:1:&quot;1&quot;;s:6:&quot;status&quot;;s:1:&quot;1&quot;;s:10:&quot;created_at&quot;;s:19:&quot;2022-07-08 15:22:48&quot;;s:10:&quot;created_by&quot;;s:1:&quot;2&quot;;s:10:&quot;updated_at&quot;;s:19:&quot;2022-07-22 12:22:01&quot;;s:10:&quot;updated_by&quot;;s:1:&quot;2&quot;;}s:11:&quot;option_data&quot;;O:8:&quot;stdClass&quot;:8:{s:10:&quot;options_id&quot;;s:2:&quot;38&quot;;s:4:&quot;q_id&quot;;s:2:&quot;43&quot;;s:8:&quot;q_option&quot;;s:259:&quot;a:4:{i:0;s:36:&amp;quot;Used for displaying section, .liquid&amp;quot;;i:1;s:37:&amp;quot;Contains a set of translations, .json&amp;quot;;i:2;s:53:&amp;quot;every language that\'s available in the theme, .liquid&amp;quot;;i:3;s:39:&amp;quot;Contains a set of translations, .liquid&amp;quot;;}&quot;;s:6:&quot;status&quot;;s:1:&quot;1&quot;;s:10:&quot;created_at&quot;;s:19:&quot;2022-07-08 15:22:48&quot;;s:10:&quot;created_by&quot;;s:1:&quot;2&quot;;s:10:&quot;updated_at&quot;;s:19:&quot;2022-07-08 15:22:48&quot;;s:10:&quot;updated_by&quot;;s:1:&quot;2&quot;;}s:11:&quot;answer_data&quot;;O:8:&quot;stdClass&quot;:7:{s:5:&quot;qa_id&quot;;s:2:&quot;38&quot;;s:4:&quot;q_id&quot;;s:2:&quot;43&quot;;s:13:&quot;answer_option&quot;;s:28:&quot;a:1:{i:0;s:1:&amp;quot;2&amp;quot;;}&quot;;s:10:&quot;created_by&quot;;s:1:&quot;2&quot;;s:10:&quot;created_at&quot;;s:19:&quot;2022-07-08 15:22:48&quot;;s:10:&quot;updated_by&quot;;s:1:&quot;2&quot;;s:10:&quot;updated_at&quot;;s:19:&quot;2022-07-08 15:22:48&quot;;}s:12:&quot;given_answer&quot;;a:1:{i:0;s:1:&quot;1&quot;;}s:10:&quot;is_correct&quot;;s:2:&quot;No&quot;;}i:2;a:5:{s:13:&quot;question_data&quot;;O:8:&quot;stdClass&quot;:8:{s:4:&quot;q_id&quot;;s:2:&quot;47&quot;;s:8:&quot;question&quot;;s:141:&quot;&amp;lt;figure class=&amp;quot;image&amp;quot;&amp;gt;&amp;lt;img src=&amp;quot;http://localhost/ShopifyQuiz/admin/uploadFile/files/code.png&amp;quot;&amp;gt;&amp;lt;/figure&amp;gt;&quot;;s:13:&quot;question_type&quot;;s:1:&quot;1&quot;;s:6:&quot;status&quot;;s:1:&quot;1&quot;;s:10:&quot;created_at&quot;;s:19:&quot;2022-07-08 15:48:39&quot;;s:10:&quot;created_by&quot;;s:1:&quot;2&quot;;s:10:&quot;updated_at&quot;;s:19:&quot;2022-07-22 12:22:01&quot;;s:10:&quot;updated_by&quot;;s:1:&quot;2&quot;;}s:11:&quot;option_data&quot;;O:8:&quot;stdClass&quot;:8:{s:10:&quot;options_id&quot;;s:2:&quot;42&quot;;s:4:&quot;q_id&quot;;s:2:&quot;47&quot;;s:8:&quot;q_option&quot;;s:190:&quot;a:5:{i:0;s:18:&amp;quot;50px, 150px, 300px&amp;quot;;i:1;s:18:&amp;quot;50px, 200px, 300px&amp;quot;;i:2;s:18:&amp;quot;50px, 100px, 200px&amp;quot;;i:3;s:17:&amp;quot;50px, 50px, 100px&amp;quot;;i:4;s:4:&amp;quot;True&amp;quot;;}&quot;;s:6:&quot;status&quot;;s:1:&quot;1&quot;;s:10:&quot;created_at&quot;;s:19:&quot;2022-07-08 15:48:39&quot;;s:10:&quot;created_by&quot;;s:1:&quot;2&quot;;s:10:&quot;updated_at&quot;;s:19:&quot;2022-07-08 15:49:04&quot;;s:10:&quot;updated_by&quot;;s:1:&quot;2&quot;;}s:11:&quot;answer_data&quot;;O:8:&quot;stdClass&quot;:7:{s:5:&quot;qa_id&quot;;s:2:&quot;42&quot;;s:4:&quot;q_id&quot;;s:2:&quot;47&quot;;s:13:&quot;answer_option&quot;;s:28:&quot;a:1:{i:0;s:1:&amp;quot;3&amp;quot;;}&quot;;s:10:&quot;created_by&quot;;s:1:&quot;2&quot;;s:10:&quot;created_at&quot;;s:19:&quot;2022-07-08 15:48:39&quot;;s:10:&quot;updated_by&quot;;s:1:&quot;2&quot;;s:10:&quot;updated_at&quot;;s:19:&quot;2022-07-08 15:48:39&quot;;}s:12:&quot;given_answer&quot;;a:1:{i:0;s:1:&quot;1&quot;;}s:10:&quot;is_correct&quot;;s:2:&quot;No&quot;;}i:3;a:5:{s:13:&quot;question_data&quot;;O:8:&quot;stdClass&quot;:8:{s:4:&quot;q_id&quot;;s:2:&quot;42&quot;;s:8:&quot;question&quot;;s:52:&quot;&amp;lt;p&amp;gt;Which one is the dynamic section?&amp;lt;/p&amp;gt;&quot;;s:13:&quot;question_type&quot;;s:1:&quot;1&quot;;s:6:&quot;status&quot;;s:1:&quot;1&quot;;s:10:&quot;created_at&quot;;s:19:&quot;2022-07-08 15:20:55&quot;;s:10:&quot;created_by&quot;;s:1:&quot;2&quot;;s:10:&quot;updated_at&quot;;s:19:&quot;2022-07-22 12:22:01&quot;;s:10:&quot;updated_by&quot;;s:1:&quot;2&quot;;}s:11:&quot;option_data&quot;;O:8:&quot;stdClass&quot;:8:{s:10:&quot;options_id&quot;;s:2:&quot;37&quot;;s:4:&quot;q_id&quot;;s:2:&quot;42&quot;;s:8:&quot;q_option&quot;;s:137:&quot;a:4:{i:0;s:6:&amp;quot;Header&amp;quot;;i:1;s:16:&amp;quot;Product Template&amp;quot;;i:2;s:17:&amp;quot;Featured Products&amp;quot;;i:3;s:6:&amp;quot;Footer&amp;quot;;}&quot;;s:6:&quot;status&quot;;s:1:&quot;1&quot;;s:10:&quot;created_at&quot;;s:19:&quot;2022-07-08 15:20:55&quot;;s:10:&quot;created_by&quot;;s:1:&quot;2&quot;;s:10:&quot;updated_at&quot;;s:19:&quot;2022-07-08 15:20:55&quot;;s:10:&quot;updated_by&quot;;s:1:&quot;2&quot;;}s:11:&quot;answer_data&quot;;O:8:&quot;stdClass&quot;:7:{s:5:&quot;qa_id&quot;;s:2:&quot;37&quot;;s:4:&quot;q_id&quot;;s:2:&quot;42&quot;;s:13:&quot;answer_option&quot;;s:28:&quot;a:1:{i:0;s:1:&amp;quot;3&amp;quot;;}&quot;;s:10:&quot;created_by&quot;;s:1:&quot;2&quot;;s:10:&quot;created_at&quot;;s:19:&quot;2022-07-08 15:20:55&quot;;s:10:&quot;updated_by&quot;;s:1:&quot;2&quot;;s:10:&quot;updated_at&quot;;s:19:&quot;2022-07-08 15:20:55&quot;;}s:12:&quot;given_answer&quot;;a:1:{i:0;s:1:&quot;1&quot;;}s:10:&quot;is_correct&quot;;s:2:&quot;No&quot;;}i:4;a:5:{s:13:&quot;question_data&quot;;O:8:&quot;stdClass&quot;:8:{s:4:&quot;q_id&quot;;s:2:&quot;49&quot;;s:8:&quot;question&quot;;s:228:&quot;&amp;lt;p&amp;gt;TEst&amp;lt;/p&amp;gt;&amp;lt;figure class=&amp;quot;image image_resized&amp;quot; style=&amp;quot;width:29.37%;&amp;quot;&amp;gt;&amp;lt;img src=&amp;quot;http://localhost/ShopifyQuiz/admin/uploadFile/files/linkedin-logo-png-2026.png&amp;quot;&amp;gt;&amp;lt;/figure&amp;gt;&quot;;s:13:&quot;question_type&quot;;s:1:&quot;3&quot;;s:6:&quot;status&quot;;s:1:&quot;1&quot;;s:10:&quot;created_at&quot;;s:19:&quot;2022-07-08 19:04:50&quot;;s:10:&quot;created_by&quot;;s:1:&quot;2&quot;;s:10:&quot;updated_at&quot;;s:19:&quot;2022-07-22 12:22:01&quot;;s:10:&quot;updated_by&quot;;s:1:&quot;2&quot;;}s:11:&quot;option_data&quot;;O:8:&quot;stdClass&quot;:8:{s:10:&quot;options_id&quot;;s:2:&quot;44&quot;;s:4:&quot;q_id&quot;;s:2:&quot;49&quot;;s:8:&quot;q_option&quot;;s:57:&quot;a:2:{i:0;s:4:&amp;quot;True&amp;quot;;i:1;s:5:&amp;quot;False&amp;quot;;}&quot;;s:6:&quot;status&quot;;s:1:&quot;1&quot;;s:10:&quot;created_at&quot;;s:19:&quot;2022-07-08 19:04:50&quot;;s:10:&quot;created_by&quot;;s:1:&quot;2&quot;;s:10:&quot;updated_at&quot;;s:19:&quot;2022-07-08 19:04:50&quot;;s:10:&quot;updated_by&quot;;s:1:&quot;2&quot;;}s:11:&quot;answer_data&quot;;O:8:&quot;stdClass&quot;:7:{s:5:&quot;qa_id&quot;;s:2:&quot;44&quot;;s:4:&quot;q_id&quot;;s:2:&quot;49&quot;;s:13:&quot;answer_option&quot;;s:31:&quot;a:1:{i:0;s:4:&amp;quot;True&amp;quot;;}&quot;;s:10:&quot;created_by&quot;;s:1:&quot;2&quot;;s:10:&quot;created_at&quot;;s:19:&quot;2022-07-08 19:04:50&quot;;s:10:&quot;updated_by&quot;;s:1:&quot;2&quot;;s:10:&quot;updated_at&quot;;s:19:&quot;2022-07-08 19:04:50&quot;;}s:12:&quot;given_answer&quot;;a:1:{i:0;s:4:&quot;True&quot;;}s:10:&quot;is_correct&quot;;s:3:&quot;Yes&quot;;}i:5;a:5:{s:13:&quot;question_data&quot;;O:8:&quot;stdClass&quot;:8:{s:4:&quot;q_id&quot;;s:2:&quot;41&quot;;s:8:&quot;question&quot;;s:101:&quot;&amp;lt;p&amp;gt;Which one is the&amp;lt;i&amp;gt;&amp;lt;strong&amp;gt; static&amp;lt;/strong&amp;gt;&amp;lt;/i&amp;gt; section? f&amp;lt;/p&amp;gt;&quot;;s:13:&quot;question_type&quot;;s:1:&quot;1&quot;;s:6:&quot;status&quot;;s:1:&quot;1&quot;;s:10:&quot;created_at&quot;;s:19:&quot;2022-07-08 15:19:47&quot;;s:10:&quot;created_by&quot;;s:1:&quot;2&quot;;s:10:&quot;updated_at&quot;;s:19:&quot;2022-07-22 12:22:01&quot;;s:10:&quot;updated_by&quot;;s:1:&quot;2&quot;;}s:11:&quot;option_data&quot;;O:8:&quot;stdClass&quot;:8:{s:10:&quot;options_id&quot;;s:2:&quot;36&quot;;s:4:&quot;q_id&quot;;s:2:&quot;41&quot;;s:8:&quot;q_option&quot;;s:164:&quot;a:5:{i:0;s:15:&amp;quot;Collection list&amp;quot;;i:1;s:17:&amp;quot;Featured Products&amp;quot;;i:2;s:9:&amp;quot;Slideshow&amp;quot;;i:3;s:6:&amp;quot;Header&amp;quot;;i:4;s:4:&amp;quot;True&amp;quot;;}&quot;;s:6:&quot;status&quot;;s:1:&quot;1&quot;;s:10:&quot;created_at&quot;;s:19:&quot;2022-07-08 15:19:47&quot;;s:10:&quot;created_by&quot;;s:1:&quot;2&quot;;s:10:&quot;updated_at&quot;;s:19:&quot;2022-07-08 16:14:55&quot;;s:10:&quot;updated_by&quot;;s:1:&quot;2&quot;;}s:11:&quot;answer_data&quot;;O:8:&quot;stdClass&quot;:7:{s:5:&quot;qa_id&quot;;s:2:&quot;36&quot;;s:4:&quot;q_id&quot;;s:2:&quot;41&quot;;s:13:&quot;answer_option&quot;;s:28:&quot;a:1:{i:0;s:1:&amp;quot;4&amp;quot;;}&quot;;s:10:&quot;created_by&quot;;s:1:&quot;2&quot;;s:10:&quot;created_at&quot;;s:19:&quot;2022-07-08 15:19:47&quot;;s:10:&quot;updated_by&quot;;s:1:&quot;2&quot;;s:10:&quot;updated_at&quot;;s:19:&quot;2022-07-08 15:19:47&quot;;}s:12:&quot;given_answer&quot;;a:1:{i:0;s:1:&quot;1&quot;;}s:10:&quot;is_correct&quot;;s:2:&quot;No&quot;;}i:6;a:5:{s:13:&quot;question_data&quot;;O:8:&quot;stdClass&quot;:8:{s:4:&quot;q_id&quot;;s:2:&quot;48&quot;;s:8:&quot;question&quot;;s:121:&quot;&amp;lt;p&amp;gt;Which JavaScript virtual machine is using by Safari Browser. Select Multiple Options if more than one?&amp;lt;/p&amp;gt;&quot;;s:13:&quot;question_type&quot;;s:1:&quot;2&quot;;s:6:&quot;status&quot;;s:1:&quot;1&quot;;s:10:&quot;created_at&quot;;s:19:&quot;2022-07-08 16:11:21&quot;;s:10:&quot;created_by&quot;;s:1:&quot;2&quot;;s:10:&quot;updated_at&quot;;s:19:&quot;2022-07-22 12:22:01&quot;;s:10:&quot;updated_by&quot;;s:1:&quot;2&quot;;}s:11:&quot;option_data&quot;;O:8:&quot;stdClass&quot;:8:{s:10:&quot;options_id&quot;;s:2:&quot;43&quot;;s:4:&quot;q_id&quot;;s:2:&quot;48&quot;;s:8:&quot;q_option&quot;;s:143:&quot;a:5:{i:0;s:5:&amp;quot;Nitro&amp;quot;;i:1;s:2:&amp;quot;V8&amp;quot;;i:2;s:14:&amp;quot;JavaScriptCore&amp;quot;;i:3;s:6:&amp;quot;Chakra&amp;quot;;i:4;s:4:&amp;quot;True&amp;quot;;}&quot;;s:6:&quot;status&quot;;s:1:&quot;1&quot;;s:10:&quot;created_at&quot;;s:19:&quot;2022-07-08 16:11:21&quot;;s:10:&quot;created_by&quot;;s:1:&quot;2&quot;;s:10:&quot;updated_at&quot;;s:19:&quot;2022-07-13 13:28:13&quot;;s:10:&quot;updated_by&quot;;s:1:&quot;2&quot;;}s:11:&quot;answer_data&quot;;O:8:&quot;stdClass&quot;:7:{s:5:&quot;qa_id&quot;;s:2:&quot;43&quot;;s:4:&quot;q_id&quot;;s:2:&quot;48&quot;;s:13:&quot;answer_option&quot;;s:72:&quot;a:3:{i:0;s:1:&amp;quot;1&amp;quot;;i:1;s:1:&amp;quot;2&amp;quot;;i:2;s:1:&amp;quot;4&amp;quot;;}&quot;;s:10:&quot;created_by&quot;;s:1:&quot;2&quot;;s:10:&quot;created_at&quot;;s:19:&quot;2022-07-08 16:11:21&quot;;s:10:&quot;updated_by&quot;;s:1:&quot;2&quot;;s:10:&quot;updated_at&quot;;s:19:&quot;2022-07-13 13:28:13&quot;;}s:12:&quot;given_answer&quot;;a:4:{i:0;s:1:&quot;1&quot;;i:1;s:1:&quot;2&quot;;i:2;s:1:&quot;3&quot;;i:3;s:1:&quot;4&quot;;}s:10:&quot;is_correct&quot;;s:2:&quot;No&quot;;}i:7;a:5:{s:13:&quot;question_data&quot;;O:8:&quot;stdClass&quot;:8:{s:4:&quot;q_id&quot;;s:2:&quot;44&quot;;s:8:&quot;question&quot;;s:62:&quot;&amp;lt;p&amp;gt;How many blocks can we create in a section?&amp;lt;/p&amp;gt;&quot;;s:13:&quot;question_type&quot;;s:1:&quot;1&quot;;s:6:&quot;status&quot;;s:1:&quot;1&quot;;s:10:&quot;created_at&quot;;s:19:&quot;2022-07-08 15:31:25&quot;;s:10:&quot;created_by&quot;;s:1:&quot;2&quot;;s:10:&quot;updated_at&quot;;s:19:&quot;2022-07-22 12:22:01&quot;;s:10:&quot;updated_by&quot;;s:1:&quot;2&quot;;}s:11:&quot;option_data&quot;;O:8:&quot;stdClass&quot;:8:{s:10:&quot;options_id&quot;;s:2:&quot;39&quot;;s:4:&quot;q_id&quot;;s:2:&quot;44&quot;;s:8:&quot;q_option&quot;;s:101:&quot;a:4:{i:0;s:1:&amp;quot;5&amp;quot;;i:1;s:1:&amp;quot;2&amp;quot;;i:2;s:1:&amp;quot;1&amp;quot;;i:3;s:8:&amp;quot;No limit&amp;quot;;}&quot;;s:6:&quot;status&quot;;s:1:&quot;1&quot;;s:10:&quot;created_at&quot;;s:19:&quot;2022-07-08 15:31:25&quot;;s:10:&quot;created_by&quot;;s:1:&quot;2&quot;;s:10:&quot;updated_at&quot;;s:19:&quot;2022-07-08 15:31:25&quot;;s:10:&quot;updated_by&quot;;s:1:&quot;2&quot;;}s:11:&quot;answer_data&quot;;O:8:&quot;stdClass&quot;:7:{s:5:&quot;qa_id&quot;;s:2:&quot;39&quot;;s:4:&quot;q_id&quot;;s:2:&quot;44&quot;;s:13:&quot;answer_option&quot;;s:28:&quot;a:1:{i:0;s:1:&amp;quot;4&amp;quot;;}&quot;;s:10:&quot;created_by&quot;;s:1:&quot;2&quot;;s:10:&quot;created_at&quot;;s:19:&quot;2022-07-08 15:31:25&quot;;s:10:&quot;updated_by&quot;;s:1:&quot;2&quot;;s:10:&quot;updated_at&quot;;s:19:&quot;2022-07-08 15:31:25&quot;;}s:12:&quot;given_answer&quot;;a:1:{i:0;s:1:&quot;1&quot;;}s:10:&quot;is_correct&quot;;s:2:&quot;No&quot;;}i:8;a:5:{s:13:&quot;question_data&quot;;O:8:&quot;stdClass&quot;:8:{s:4:&quot;q_id&quot;;s:2:&quot;46&quot;;s:8:&quot;question&quot;;s:85:&quot;&amp;lt;p&amp;gt;Is it possible to declare more than one block array in a section??&amp;lt;/p&amp;gt;&quot;;s:13:&quot;question_type&quot;;s:1:&quot;3&quot;;s:6:&quot;status&quot;;s:1:&quot;1&quot;;s:10:&quot;created_at&quot;;s:19:&quot;2022-07-08 15:35:07&quot;;s:10:&quot;created_by&quot;;s:1:&quot;2&quot;;s:10:&quot;updated_at&quot;;s:19:&quot;2022-07-22 12:22:01&quot;;s:10:&quot;updated_by&quot;;s:1:&quot;2&quot;;}s:11:&quot;option_data&quot;;O:8:&quot;stdClass&quot;:8:{s:10:&quot;options_id&quot;;s:2:&quot;41&quot;;s:4:&quot;q_id&quot;;s:2:&quot;46&quot;;s:8:&quot;q_option&quot;;s:57:&quot;a:2:{i:0;s:4:&amp;quot;True&amp;quot;;i:1;s:5:&amp;quot;False&amp;quot;;}&quot;;s:6:&quot;status&quot;;s:1:&quot;1&quot;;s:10:&quot;created_at&quot;;s:19:&quot;2022-07-08 15:35:07&quot;;s:10:&quot;created_by&quot;;s:1:&quot;2&quot;;s:10:&quot;updated_at&quot;;s:19:&quot;2022-07-08 15:35:07&quot;;s:10:&quot;updated_by&quot;;s:1:&quot;2&quot;;}s:11:&quot;answer_data&quot;;O:8:&quot;stdClass&quot;:7:{s:5:&quot;qa_id&quot;;s:2:&quot;41&quot;;s:4:&quot;q_id&quot;;s:2:&quot;46&quot;;s:13:&quot;answer_option&quot;;s:31:&quot;a:1:{i:0;s:4:&amp;quot;True&amp;quot;;}&quot;;s:10:&quot;created_by&quot;;s:1:&quot;2&quot;;s:10:&quot;created_at&quot;;s:19:&quot;2022-07-08 15:35:07&quot;;s:10:&quot;updated_by&quot;;s:1:&quot;2&quot;;s:10:&quot;updated_at&quot;;s:19:&quot;2022-07-08 15:35:07&quot;;}s:12:&quot;given_answer&quot;;a:1:{i:0;s:4:&quot;True&quot;;}s:10:&quot;is_correct&quot;;s:3:&quot;Yes&quot;;}}', '2022-07-27 14:27:59');
INSERT INTO `tbl_score_details` (`score_details_id`, `score_id`, `question_response`, `created_at`) VALUES
(4, 4, 'a:9:{i:0;a:3:{s:13:&quot;question_data&quot;;O:8:&quot;stdClass&quot;:8:{s:4:&quot;q_id&quot;;s:2:&quot;44&quot;;s:8:&quot;question&quot;;s:62:&quot;&amp;lt;p&amp;gt;How many blocks can we create in a section?&amp;lt;/p&amp;gt;&quot;;s:13:&quot;question_type&quot;;s:1:&quot;1&quot;;s:6:&quot;status&quot;;s:1:&quot;1&quot;;s:10:&quot;created_at&quot;;s:19:&quot;2022-07-08 15:31:25&quot;;s:10:&quot;created_by&quot;;s:1:&quot;2&quot;;s:10:&quot;updated_at&quot;;s:19:&quot;2022-07-22 12:22:01&quot;;s:10:&quot;updated_by&quot;;s:1:&quot;2&quot;;}s:11:&quot;option_data&quot;;O:8:&quot;stdClass&quot;:8:{s:10:&quot;options_id&quot;;s:2:&quot;39&quot;;s:4:&quot;q_id&quot;;s:2:&quot;44&quot;;s:8:&quot;q_option&quot;;s:101:&quot;a:4:{i:0;s:1:&amp;quot;5&amp;quot;;i:1;s:1:&amp;quot;2&amp;quot;;i:2;s:1:&amp;quot;1&amp;quot;;i:3;s:8:&amp;quot;No limit&amp;quot;;}&quot;;s:6:&quot;status&quot;;s:1:&quot;1&quot;;s:10:&quot;created_at&quot;;s:19:&quot;2022-07-08 15:31:25&quot;;s:10:&quot;created_by&quot;;s:1:&quot;2&quot;;s:10:&quot;updated_at&quot;;s:19:&quot;2022-07-08 15:31:25&quot;;s:10:&quot;updated_by&quot;;s:1:&quot;2&quot;;}s:11:&quot;answer_data&quot;;O:8:&quot;stdClass&quot;:7:{s:5:&quot;qa_id&quot;;s:2:&quot;39&quot;;s:4:&quot;q_id&quot;;s:2:&quot;44&quot;;s:13:&quot;answer_option&quot;;s:28:&quot;a:1:{i:0;s:1:&amp;quot;4&amp;quot;;}&quot;;s:10:&quot;created_by&quot;;s:1:&quot;2&quot;;s:10:&quot;created_at&quot;;s:19:&quot;2022-07-08 15:31:25&quot;;s:10:&quot;updated_by&quot;;s:1:&quot;2&quot;;s:10:&quot;updated_at&quot;;s:19:&quot;2022-07-08 15:31:25&quot;;}}i:1;a:3:{s:13:&quot;question_data&quot;;O:8:&quot;stdClass&quot;:8:{s:4:&quot;q_id&quot;;s:2:&quot;43&quot;;s:8:&quot;question&quot;;s:67:&quot;&amp;lt;p&amp;gt;What\'s a locale file and the extension of files?&amp;lt;/p&amp;gt;&quot;;s:13:&quot;question_type&quot;;s:1:&quot;1&quot;;s:6:&quot;status&quot;;s:1:&quot;1&quot;;s:10:&quot;created_at&quot;;s:19:&quot;2022-07-08 15:22:48&quot;;s:10:&quot;created_by&quot;;s:1:&quot;2&quot;;s:10:&quot;updated_at&quot;;s:19:&quot;2022-07-22 12:22:01&quot;;s:10:&quot;updated_by&quot;;s:1:&quot;2&quot;;}s:11:&quot;option_data&quot;;O:8:&quot;stdClass&quot;:8:{s:10:&quot;options_id&quot;;s:2:&quot;38&quot;;s:4:&quot;q_id&quot;;s:2:&quot;43&quot;;s:8:&quot;q_option&quot;;s:259:&quot;a:4:{i:0;s:36:&amp;quot;Used for displaying section, .liquid&amp;quot;;i:1;s:37:&amp;quot;Contains a set of translations, .json&amp;quot;;i:2;s:53:&amp;quot;every language that\'s available in the theme, .liquid&amp;quot;;i:3;s:39:&amp;quot;Contains a set of translations, .liquid&amp;quot;;}&quot;;s:6:&quot;status&quot;;s:1:&quot;1&quot;;s:10:&quot;created_at&quot;;s:19:&quot;2022-07-08 15:22:48&quot;;s:10:&quot;created_by&quot;;s:1:&quot;2&quot;;s:10:&quot;updated_at&quot;;s:19:&quot;2022-07-08 15:22:48&quot;;s:10:&quot;updated_by&quot;;s:1:&quot;2&quot;;}s:11:&quot;answer_data&quot;;O:8:&quot;stdClass&quot;:7:{s:5:&quot;qa_id&quot;;s:2:&quot;38&quot;;s:4:&quot;q_id&quot;;s:2:&quot;43&quot;;s:13:&quot;answer_option&quot;;s:28:&quot;a:1:{i:0;s:1:&amp;quot;2&amp;quot;;}&quot;;s:10:&quot;created_by&quot;;s:1:&quot;2&quot;;s:10:&quot;created_at&quot;;s:19:&quot;2022-07-08 15:22:48&quot;;s:10:&quot;updated_by&quot;;s:1:&quot;2&quot;;s:10:&quot;updated_at&quot;;s:19:&quot;2022-07-08 15:22:48&quot;;}}i:2;a:3:{s:13:&quot;question_data&quot;;O:8:&quot;stdClass&quot;:8:{s:4:&quot;q_id&quot;;s:2:&quot;42&quot;;s:8:&quot;question&quot;;s:52:&quot;&amp;lt;p&amp;gt;Which one is the dynamic section?&amp;lt;/p&amp;gt;&quot;;s:13:&quot;question_type&quot;;s:1:&quot;1&quot;;s:6:&quot;status&quot;;s:1:&quot;1&quot;;s:10:&quot;created_at&quot;;s:19:&quot;2022-07-08 15:20:55&quot;;s:10:&quot;created_by&quot;;s:1:&quot;2&quot;;s:10:&quot;updated_at&quot;;s:19:&quot;2022-07-22 12:22:01&quot;;s:10:&quot;updated_by&quot;;s:1:&quot;2&quot;;}s:11:&quot;option_data&quot;;O:8:&quot;stdClass&quot;:8:{s:10:&quot;options_id&quot;;s:2:&quot;37&quot;;s:4:&quot;q_id&quot;;s:2:&quot;42&quot;;s:8:&quot;q_option&quot;;s:137:&quot;a:4:{i:0;s:6:&amp;quot;Header&amp;quot;;i:1;s:16:&amp;quot;Product Template&amp;quot;;i:2;s:17:&amp;quot;Featured Products&amp;quot;;i:3;s:6:&amp;quot;Footer&amp;quot;;}&quot;;s:6:&quot;status&quot;;s:1:&quot;1&quot;;s:10:&quot;created_at&quot;;s:19:&quot;2022-07-08 15:20:55&quot;;s:10:&quot;created_by&quot;;s:1:&quot;2&quot;;s:10:&quot;updated_at&quot;;s:19:&quot;2022-07-08 15:20:55&quot;;s:10:&quot;updated_by&quot;;s:1:&quot;2&quot;;}s:11:&quot;answer_data&quot;;O:8:&quot;stdClass&quot;:7:{s:5:&quot;qa_id&quot;;s:2:&quot;37&quot;;s:4:&quot;q_id&quot;;s:2:&quot;42&quot;;s:13:&quot;answer_option&quot;;s:28:&quot;a:1:{i:0;s:1:&amp;quot;3&amp;quot;;}&quot;;s:10:&quot;created_by&quot;;s:1:&quot;2&quot;;s:10:&quot;created_at&quot;;s:19:&quot;2022-07-08 15:20:55&quot;;s:10:&quot;updated_by&quot;;s:1:&quot;2&quot;;s:10:&quot;updated_at&quot;;s:19:&quot;2022-07-08 15:20:55&quot;;}}i:3;a:3:{s:13:&quot;question_data&quot;;O:8:&quot;stdClass&quot;:8:{s:4:&quot;q_id&quot;;s:2:&quot;46&quot;;s:8:&quot;question&quot;;s:85:&quot;&amp;lt;p&amp;gt;Is it possible to declare more than one block array in a section??&amp;lt;/p&amp;gt;&quot;;s:13:&quot;question_type&quot;;s:1:&quot;3&quot;;s:6:&quot;status&quot;;s:1:&quot;1&quot;;s:10:&quot;created_at&quot;;s:19:&quot;2022-07-08 15:35:07&quot;;s:10:&quot;created_by&quot;;s:1:&quot;2&quot;;s:10:&quot;updated_at&quot;;s:19:&quot;2022-07-22 12:22:01&quot;;s:10:&quot;updated_by&quot;;s:1:&quot;2&quot;;}s:11:&quot;option_data&quot;;O:8:&quot;stdClass&quot;:8:{s:10:&quot;options_id&quot;;s:2:&quot;41&quot;;s:4:&quot;q_id&quot;;s:2:&quot;46&quot;;s:8:&quot;q_option&quot;;s:57:&quot;a:2:{i:0;s:4:&amp;quot;True&amp;quot;;i:1;s:5:&amp;quot;False&amp;quot;;}&quot;;s:6:&quot;status&quot;;s:1:&quot;1&quot;;s:10:&quot;created_at&quot;;s:19:&quot;2022-07-08 15:35:07&quot;;s:10:&quot;created_by&quot;;s:1:&quot;2&quot;;s:10:&quot;updated_at&quot;;s:19:&quot;2022-07-08 15:35:07&quot;;s:10:&quot;updated_by&quot;;s:1:&quot;2&quot;;}s:11:&quot;answer_data&quot;;O:8:&quot;stdClass&quot;:7:{s:5:&quot;qa_id&quot;;s:2:&quot;41&quot;;s:4:&quot;q_id&quot;;s:2:&quot;46&quot;;s:13:&quot;answer_option&quot;;s:31:&quot;a:1:{i:0;s:4:&amp;quot;True&amp;quot;;}&quot;;s:10:&quot;created_by&quot;;s:1:&quot;2&quot;;s:10:&quot;created_at&quot;;s:19:&quot;2022-07-08 15:35:07&quot;;s:10:&quot;updated_by&quot;;s:1:&quot;2&quot;;s:10:&quot;updated_at&quot;;s:19:&quot;2022-07-08 15:35:07&quot;;}}i:4;a:3:{s:13:&quot;question_data&quot;;O:8:&quot;stdClass&quot;:8:{s:4:&quot;q_id&quot;;s:2:&quot;48&quot;;s:8:&quot;question&quot;;s:121:&quot;&amp;lt;p&amp;gt;Which JavaScript virtual machine is using by Safari Browser. Select Multiple Options if more than one?&amp;lt;/p&amp;gt;&quot;;s:13:&quot;question_type&quot;;s:1:&quot;2&quot;;s:6:&quot;status&quot;;s:1:&quot;1&quot;;s:10:&quot;created_at&quot;;s:19:&quot;2022-07-08 16:11:21&quot;;s:10:&quot;created_by&quot;;s:1:&quot;2&quot;;s:10:&quot;updated_at&quot;;s:19:&quot;2022-07-22 12:22:01&quot;;s:10:&quot;updated_by&quot;;s:1:&quot;2&quot;;}s:11:&quot;option_data&quot;;O:8:&quot;stdClass&quot;:8:{s:10:&quot;options_id&quot;;s:2:&quot;43&quot;;s:4:&quot;q_id&quot;;s:2:&quot;48&quot;;s:8:&quot;q_option&quot;;s:143:&quot;a:5:{i:0;s:5:&amp;quot;Nitro&amp;quot;;i:1;s:2:&amp;quot;V8&amp;quot;;i:2;s:14:&amp;quot;JavaScriptCore&amp;quot;;i:3;s:6:&amp;quot;Chakra&amp;quot;;i:4;s:4:&amp;quot;True&amp;quot;;}&quot;;s:6:&quot;status&quot;;s:1:&quot;1&quot;;s:10:&quot;created_at&quot;;s:19:&quot;2022-07-08 16:11:21&quot;;s:10:&quot;created_by&quot;;s:1:&quot;2&quot;;s:10:&quot;updated_at&quot;;s:19:&quot;2022-07-13 13:28:13&quot;;s:10:&quot;updated_by&quot;;s:1:&quot;2&quot;;}s:11:&quot;answer_data&quot;;O:8:&quot;stdClass&quot;:7:{s:5:&quot;qa_id&quot;;s:2:&quot;43&quot;;s:4:&quot;q_id&quot;;s:2:&quot;48&quot;;s:13:&quot;answer_option&quot;;s:72:&quot;a:3:{i:0;s:1:&amp;quot;1&amp;quot;;i:1;s:1:&amp;quot;2&amp;quot;;i:2;s:1:&amp;quot;4&amp;quot;;}&quot;;s:10:&quot;created_by&quot;;s:1:&quot;2&quot;;s:10:&quot;created_at&quot;;s:19:&quot;2022-07-08 16:11:21&quot;;s:10:&quot;updated_by&quot;;s:1:&quot;2&quot;;s:10:&quot;updated_at&quot;;s:19:&quot;2022-07-13 13:28:13&quot;;}}i:5;a:3:{s:13:&quot;question_data&quot;;O:8:&quot;stdClass&quot;:8:{s:4:&quot;q_id&quot;;s:2:&quot;47&quot;;s:8:&quot;question&quot;;s:141:&quot;&amp;lt;figure class=&amp;quot;image&amp;quot;&amp;gt;&amp;lt;img src=&amp;quot;http://localhost/ShopifyQuiz/admin/uploadFile/files/code.png&amp;quot;&amp;gt;&amp;lt;/figure&amp;gt;&quot;;s:13:&quot;question_type&quot;;s:1:&quot;1&quot;;s:6:&quot;status&quot;;s:1:&quot;1&quot;;s:10:&quot;created_at&quot;;s:19:&quot;2022-07-08 15:48:39&quot;;s:10:&quot;created_by&quot;;s:1:&quot;2&quot;;s:10:&quot;updated_at&quot;;s:19:&quot;2022-07-22 12:22:01&quot;;s:10:&quot;updated_by&quot;;s:1:&quot;2&quot;;}s:11:&quot;option_data&quot;;O:8:&quot;stdClass&quot;:8:{s:10:&quot;options_id&quot;;s:2:&quot;42&quot;;s:4:&quot;q_id&quot;;s:2:&quot;47&quot;;s:8:&quot;q_option&quot;;s:190:&quot;a:5:{i:0;s:18:&amp;quot;50px, 150px, 300px&amp;quot;;i:1;s:18:&amp;quot;50px, 200px, 300px&amp;quot;;i:2;s:18:&amp;quot;50px, 100px, 200px&amp;quot;;i:3;s:17:&amp;quot;50px, 50px, 100px&amp;quot;;i:4;s:4:&amp;quot;True&amp;quot;;}&quot;;s:6:&quot;status&quot;;s:1:&quot;1&quot;;s:10:&quot;created_at&quot;;s:19:&quot;2022-07-08 15:48:39&quot;;s:10:&quot;created_by&quot;;s:1:&quot;2&quot;;s:10:&quot;updated_at&quot;;s:19:&quot;2022-07-08 15:49:04&quot;;s:10:&quot;updated_by&quot;;s:1:&quot;2&quot;;}s:11:&quot;answer_data&quot;;O:8:&quot;stdClass&quot;:7:{s:5:&quot;qa_id&quot;;s:2:&quot;42&quot;;s:4:&quot;q_id&quot;;s:2:&quot;47&quot;;s:13:&quot;answer_option&quot;;s:28:&quot;a:1:{i:0;s:1:&amp;quot;3&amp;quot;;}&quot;;s:10:&quot;created_by&quot;;s:1:&quot;2&quot;;s:10:&quot;created_at&quot;;s:19:&quot;2022-07-08 15:48:39&quot;;s:10:&quot;updated_by&quot;;s:1:&quot;2&quot;;s:10:&quot;updated_at&quot;;s:19:&quot;2022-07-08 15:48:39&quot;;}}i:6;a:3:{s:13:&quot;question_data&quot;;O:8:&quot;stdClass&quot;:8:{s:4:&quot;q_id&quot;;s:2:&quot;45&quot;;s:8:&quot;question&quot;;s:87:&quot;&amp;lt;p&amp;gt;Why should we use {%- something -%} instead of this {% something %}?&amp;lt;/p&amp;gt;&quot;;s:13:&quot;question_type&quot;;s:1:&quot;1&quot;;s:6:&quot;status&quot;;s:1:&quot;1&quot;;s:10:&quot;created_at&quot;;s:19:&quot;2022-07-08 15:32:52&quot;;s:10:&quot;created_by&quot;;s:1:&quot;2&quot;;s:10:&quot;updated_at&quot;;s:19:&quot;2022-07-22 12:22:01&quot;;s:10:&quot;updated_by&quot;;s:1:&quot;2&quot;;}s:11:&quot;option_data&quot;;O:8:&quot;stdClass&quot;:8:{s:10:&quot;options_id&quot;;s:2:&quot;40&quot;;s:4:&quot;q_id&quot;;s:2:&quot;45&quot;;s:8:&quot;q_option&quot;;s:147:&quot;a:4:{i:0;s:9:&amp;quot;No effect&amp;quot;;i:1;s:17:&amp;quot;Remove whitespace&amp;quot;;i:2;s:15:&amp;quot;Minify the code&amp;quot;;i:3;s:13:&amp;quot;None of these&amp;quot;;}&quot;;s:6:&quot;status&quot;;s:1:&quot;1&quot;;s:10:&quot;created_at&quot;;s:19:&quot;2022-07-08 15:32:52&quot;;s:10:&quot;created_by&quot;;s:1:&quot;2&quot;;s:10:&quot;updated_at&quot;;s:19:&quot;2022-07-08 15:32:52&quot;;s:10:&quot;updated_by&quot;;s:1:&quot;2&quot;;}s:11:&quot;answer_data&quot;;O:8:&quot;stdClass&quot;:7:{s:5:&quot;qa_id&quot;;s:2:&quot;40&quot;;s:4:&quot;q_id&quot;;s:2:&quot;45&quot;;s:13:&quot;answer_option&quot;;s:28:&quot;a:1:{i:0;s:1:&amp;quot;2&amp;quot;;}&quot;;s:10:&quot;created_by&quot;;s:1:&quot;2&quot;;s:10:&quot;created_at&quot;;s:19:&quot;2022-07-08 15:32:52&quot;;s:10:&quot;updated_by&quot;;s:1:&quot;2&quot;;s:10:&quot;updated_at&quot;;s:19:&quot;2022-07-08 15:32:52&quot;;}}i:7;a:3:{s:13:&quot;question_data&quot;;O:8:&quot;stdClass&quot;:8:{s:4:&quot;q_id&quot;;s:2:&quot;49&quot;;s:8:&quot;question&quot;;s:228:&quot;&amp;lt;p&amp;gt;TEst&amp;lt;/p&amp;gt;&amp;lt;figure class=&amp;quot;image image_resized&amp;quot; style=&amp;quot;width:29.37%;&amp;quot;&amp;gt;&amp;lt;img src=&amp;quot;http://localhost/ShopifyQuiz/admin/uploadFile/files/linkedin-logo-png-2026.png&amp;quot;&amp;gt;&amp;lt;/figure&amp;gt;&quot;;s:13:&quot;question_type&quot;;s:1:&quot;3&quot;;s:6:&quot;status&quot;;s:1:&quot;1&quot;;s:10:&quot;created_at&quot;;s:19:&quot;2022-07-08 19:04:50&quot;;s:10:&quot;created_by&quot;;s:1:&quot;2&quot;;s:10:&quot;updated_at&quot;;s:19:&quot;2022-07-22 12:22:01&quot;;s:10:&quot;updated_by&quot;;s:1:&quot;2&quot;;}s:11:&quot;option_data&quot;;O:8:&quot;stdClass&quot;:8:{s:10:&quot;options_id&quot;;s:2:&quot;44&quot;;s:4:&quot;q_id&quot;;s:2:&quot;49&quot;;s:8:&quot;q_option&quot;;s:57:&quot;a:2:{i:0;s:4:&amp;quot;True&amp;quot;;i:1;s:5:&amp;quot;False&amp;quot;;}&quot;;s:6:&quot;status&quot;;s:1:&quot;1&quot;;s:10:&quot;created_at&quot;;s:19:&quot;2022-07-08 19:04:50&quot;;s:10:&quot;created_by&quot;;s:1:&quot;2&quot;;s:10:&quot;updated_at&quot;;s:19:&quot;2022-07-08 19:04:50&quot;;s:10:&quot;updated_by&quot;;s:1:&quot;2&quot;;}s:11:&quot;answer_data&quot;;O:8:&quot;stdClass&quot;:7:{s:5:&quot;qa_id&quot;;s:2:&quot;44&quot;;s:4:&quot;q_id&quot;;s:2:&quot;49&quot;;s:13:&quot;answer_option&quot;;s:31:&quot;a:1:{i:0;s:4:&amp;quot;True&amp;quot;;}&quot;;s:10:&quot;created_by&quot;;s:1:&quot;2&quot;;s:10:&quot;created_at&quot;;s:19:&quot;2022-07-08 19:04:50&quot;;s:10:&quot;updated_by&quot;;s:1:&quot;2&quot;;s:10:&quot;updated_at&quot;;s:19:&quot;2022-07-08 19:04:50&quot;;}}i:8;a:3:{s:13:&quot;question_data&quot;;O:8:&quot;stdClass&quot;:8:{s:4:&quot;q_id&quot;;s:2:&quot;41&quot;;s:8:&quot;question&quot;;s:101:&quot;&amp;lt;p&amp;gt;Which one is the&amp;lt;i&amp;gt;&amp;lt;strong&amp;gt; static&amp;lt;/strong&amp;gt;&amp;lt;/i&amp;gt; section? f&amp;lt;/p&amp;gt;&quot;;s:13:&quot;question_type&quot;;s:1:&quot;1&quot;;s:6:&quot;status&quot;;s:1:&quot;1&quot;;s:10:&quot;created_at&quot;;s:19:&quot;2022-07-08 15:19:47&quot;;s:10:&quot;created_by&quot;;s:1:&quot;2&quot;;s:10:&quot;updated_at&quot;;s:19:&quot;2022-07-22 12:22:01&quot;;s:10:&quot;updated_by&quot;;s:1:&quot;2&quot;;}s:11:&quot;option_data&quot;;O:8:&quot;stdClass&quot;:8:{s:10:&quot;options_id&quot;;s:2:&quot;36&quot;;s:4:&quot;q_id&quot;;s:2:&quot;41&quot;;s:8:&quot;q_option&quot;;s:164:&quot;a:5:{i:0;s:15:&amp;quot;Collection list&amp;quot;;i:1;s:17:&amp;quot;Featured Products&amp;quot;;i:2;s:9:&amp;quot;Slideshow&amp;quot;;i:3;s:6:&amp;quot;Header&amp;quot;;i:4;s:4:&amp;quot;True&amp;quot;;}&quot;;s:6:&quot;status&quot;;s:1:&quot;1&quot;;s:10:&quot;created_at&quot;;s:19:&quot;2022-07-08 15:19:47&quot;;s:10:&quot;created_by&quot;;s:1:&quot;2&quot;;s:10:&quot;updated_at&quot;;s:19:&quot;2022-07-08 16:14:55&quot;;s:10:&quot;updated_by&quot;;s:1:&quot;2&quot;;}s:11:&quot;answer_data&quot;;O:8:&quot;stdClass&quot;:7:{s:5:&quot;qa_id&quot;;s:2:&quot;36&quot;;s:4:&quot;q_id&quot;;s:2:&quot;41&quot;;s:13:&quot;answer_option&quot;;s:28:&quot;a:1:{i:0;s:1:&amp;quot;4&amp;quot;;}&quot;;s:10:&quot;created_by&quot;;s:1:&quot;2&quot;;s:10:&quot;created_at&quot;;s:19:&quot;2022-07-08 15:19:47&quot;;s:10:&quot;updated_by&quot;;s:1:&quot;2&quot;;s:10:&quot;updated_at&quot;;s:19:&quot;2022-07-08 15:19:47&quot;;}}}', '2022-07-27 14:37:43'),
(5, 5, 'a:9:{i:0;a:5:{s:13:&quot;question_data&quot;;O:8:&quot;stdClass&quot;:8:{s:4:&quot;q_id&quot;;s:2:&quot;41&quot;;s:8:&quot;question&quot;;s:101:&quot;&amp;lt;p&amp;gt;Which one is the&amp;lt;i&amp;gt;&amp;lt;strong&amp;gt; static&amp;lt;/strong&amp;gt;&amp;lt;/i&amp;gt; section? f&amp;lt;/p&amp;gt;&quot;;s:13:&quot;question_type&quot;;s:1:&quot;1&quot;;s:6:&quot;status&quot;;s:1:&quot;1&quot;;s:10:&quot;created_at&quot;;s:19:&quot;2022-07-08 15:19:47&quot;;s:10:&quot;created_by&quot;;s:1:&quot;2&quot;;s:10:&quot;updated_at&quot;;s:19:&quot;2022-07-22 12:22:01&quot;;s:10:&quot;updated_by&quot;;s:1:&quot;2&quot;;}s:11:&quot;option_data&quot;;O:8:&quot;stdClass&quot;:8:{s:10:&quot;options_id&quot;;s:2:&quot;36&quot;;s:4:&quot;q_id&quot;;s:2:&quot;41&quot;;s:8:&quot;q_option&quot;;s:164:&quot;a:5:{i:0;s:15:&amp;quot;Collection list&amp;quot;;i:1;s:17:&amp;quot;Featured Products&amp;quot;;i:2;s:9:&amp;quot;Slideshow&amp;quot;;i:3;s:6:&amp;quot;Header&amp;quot;;i:4;s:4:&amp;quot;True&amp;quot;;}&quot;;s:6:&quot;status&quot;;s:1:&quot;1&quot;;s:10:&quot;created_at&quot;;s:19:&quot;2022-07-08 15:19:47&quot;;s:10:&quot;created_by&quot;;s:1:&quot;2&quot;;s:10:&quot;updated_at&quot;;s:19:&quot;2022-07-08 16:14:55&quot;;s:10:&quot;updated_by&quot;;s:1:&quot;2&quot;;}s:11:&quot;answer_data&quot;;O:8:&quot;stdClass&quot;:7:{s:5:&quot;qa_id&quot;;s:2:&quot;36&quot;;s:4:&quot;q_id&quot;;s:2:&quot;41&quot;;s:13:&quot;answer_option&quot;;s:28:&quot;a:1:{i:0;s:1:&amp;quot;4&amp;quot;;}&quot;;s:10:&quot;created_by&quot;;s:1:&quot;2&quot;;s:10:&quot;created_at&quot;;s:19:&quot;2022-07-08 15:19:47&quot;;s:10:&quot;updated_by&quot;;s:1:&quot;2&quot;;s:10:&quot;updated_at&quot;;s:19:&quot;2022-07-08 15:19:47&quot;;}s:12:&quot;given_answer&quot;;a:1:{i:0;s:1:&quot;4&quot;;}s:10:&quot;is_correct&quot;;s:3:&quot;Yes&quot;;}i:1;a:5:{s:13:&quot;question_data&quot;;O:8:&quot;stdClass&quot;:8:{s:4:&quot;q_id&quot;;s:2:&quot;45&quot;;s:8:&quot;question&quot;;s:87:&quot;&amp;lt;p&amp;gt;Why should we use {%- something -%} instead of this {% something %}?&amp;lt;/p&amp;gt;&quot;;s:13:&quot;question_type&quot;;s:1:&quot;1&quot;;s:6:&quot;status&quot;;s:1:&quot;1&quot;;s:10:&quot;created_at&quot;;s:19:&quot;2022-07-08 15:32:52&quot;;s:10:&quot;created_by&quot;;s:1:&quot;2&quot;;s:10:&quot;updated_at&quot;;s:19:&quot;2022-07-22 12:22:01&quot;;s:10:&quot;updated_by&quot;;s:1:&quot;2&quot;;}s:11:&quot;option_data&quot;;O:8:&quot;stdClass&quot;:8:{s:10:&quot;options_id&quot;;s:2:&quot;40&quot;;s:4:&quot;q_id&quot;;s:2:&quot;45&quot;;s:8:&quot;q_option&quot;;s:147:&quot;a:4:{i:0;s:9:&amp;quot;No effect&amp;quot;;i:1;s:17:&amp;quot;Remove whitespace&amp;quot;;i:2;s:15:&amp;quot;Minify the code&amp;quot;;i:3;s:13:&amp;quot;None of these&amp;quot;;}&quot;;s:6:&quot;status&quot;;s:1:&quot;1&quot;;s:10:&quot;created_at&quot;;s:19:&quot;2022-07-08 15:32:52&quot;;s:10:&quot;created_by&quot;;s:1:&quot;2&quot;;s:10:&quot;updated_at&quot;;s:19:&quot;2022-07-08 15:32:52&quot;;s:10:&quot;updated_by&quot;;s:1:&quot;2&quot;;}s:11:&quot;answer_data&quot;;O:8:&quot;stdClass&quot;:7:{s:5:&quot;qa_id&quot;;s:2:&quot;40&quot;;s:4:&quot;q_id&quot;;s:2:&quot;45&quot;;s:13:&quot;answer_option&quot;;s:28:&quot;a:1:{i:0;s:1:&amp;quot;2&amp;quot;;}&quot;;s:10:&quot;created_by&quot;;s:1:&quot;2&quot;;s:10:&quot;created_at&quot;;s:19:&quot;2022-07-08 15:32:52&quot;;s:10:&quot;updated_by&quot;;s:1:&quot;2&quot;;s:10:&quot;updated_at&quot;;s:19:&quot;2022-07-08 15:32:52&quot;;}s:12:&quot;given_answer&quot;;a:1:{i:0;s:1:&quot;3&quot;;}s:10:&quot;is_correct&quot;;s:2:&quot;No&quot;;}i:2;a:5:{s:13:&quot;question_data&quot;;O:8:&quot;stdClass&quot;:8:{s:4:&quot;q_id&quot;;s:2:&quot;48&quot;;s:8:&quot;question&quot;;s:121:&quot;&amp;lt;p&amp;gt;Which JavaScript virtual machine is using by Safari Browser. Select Multiple Options if more than one?&amp;lt;/p&amp;gt;&quot;;s:13:&quot;question_type&quot;;s:1:&quot;2&quot;;s:6:&quot;status&quot;;s:1:&quot;1&quot;;s:10:&quot;created_at&quot;;s:19:&quot;2022-07-08 16:11:21&quot;;s:10:&quot;created_by&quot;;s:1:&quot;2&quot;;s:10:&quot;updated_at&quot;;s:19:&quot;2022-07-22 12:22:01&quot;;s:10:&quot;updated_by&quot;;s:1:&quot;2&quot;;}s:11:&quot;option_data&quot;;O:8:&quot;stdClass&quot;:8:{s:10:&quot;options_id&quot;;s:2:&quot;43&quot;;s:4:&quot;q_id&quot;;s:2:&quot;48&quot;;s:8:&quot;q_option&quot;;s:143:&quot;a:5:{i:0;s:5:&amp;quot;Nitro&amp;quot;;i:1;s:2:&amp;quot;V8&amp;quot;;i:2;s:14:&amp;quot;JavaScriptCore&amp;quot;;i:3;s:6:&amp;quot;Chakra&amp;quot;;i:4;s:4:&amp;quot;True&amp;quot;;}&quot;;s:6:&quot;status&quot;;s:1:&quot;1&quot;;s:10:&quot;created_at&quot;;s:19:&quot;2022-07-08 16:11:21&quot;;s:10:&quot;created_by&quot;;s:1:&quot;2&quot;;s:10:&quot;updated_at&quot;;s:19:&quot;2022-07-13 13:28:13&quot;;s:10:&quot;updated_by&quot;;s:1:&quot;2&quot;;}s:11:&quot;answer_data&quot;;O:8:&quot;stdClass&quot;:7:{s:5:&quot;qa_id&quot;;s:2:&quot;43&quot;;s:4:&quot;q_id&quot;;s:2:&quot;48&quot;;s:13:&quot;answer_option&quot;;s:72:&quot;a:3:{i:0;s:1:&amp;quot;1&amp;quot;;i:1;s:1:&amp;quot;2&amp;quot;;i:2;s:1:&amp;quot;4&amp;quot;;}&quot;;s:10:&quot;created_by&quot;;s:1:&quot;2&quot;;s:10:&quot;created_at&quot;;s:19:&quot;2022-07-08 16:11:21&quot;;s:10:&quot;updated_by&quot;;s:1:&quot;2&quot;;s:10:&quot;updated_at&quot;;s:19:&quot;2022-07-13 13:28:13&quot;;}s:12:&quot;given_answer&quot;;a:2:{i:0;s:1:&quot;2&quot;;i:1;s:1:&quot;3&quot;;}s:10:&quot;is_correct&quot;;s:2:&quot;No&quot;;}i:3;a:5:{s:13:&quot;question_data&quot;;O:8:&quot;stdClass&quot;:8:{s:4:&quot;q_id&quot;;s:2:&quot;44&quot;;s:8:&quot;question&quot;;s:62:&quot;&amp;lt;p&amp;gt;How many blocks can we create in a section?&amp;lt;/p&amp;gt;&quot;;s:13:&quot;question_type&quot;;s:1:&quot;1&quot;;s:6:&quot;status&quot;;s:1:&quot;1&quot;;s:10:&quot;created_at&quot;;s:19:&quot;2022-07-08 15:31:25&quot;;s:10:&quot;created_by&quot;;s:1:&quot;2&quot;;s:10:&quot;updated_at&quot;;s:19:&quot;2022-07-22 12:22:01&quot;;s:10:&quot;updated_by&quot;;s:1:&quot;2&quot;;}s:11:&quot;option_data&quot;;O:8:&quot;stdClass&quot;:8:{s:10:&quot;options_id&quot;;s:2:&quot;39&quot;;s:4:&quot;q_id&quot;;s:2:&quot;44&quot;;s:8:&quot;q_option&quot;;s:101:&quot;a:4:{i:0;s:1:&amp;quot;5&amp;quot;;i:1;s:1:&amp;quot;2&amp;quot;;i:2;s:1:&amp;quot;1&amp;quot;;i:3;s:8:&amp;quot;No limit&amp;quot;;}&quot;;s:6:&quot;status&quot;;s:1:&quot;1&quot;;s:10:&quot;created_at&quot;;s:19:&quot;2022-07-08 15:31:25&quot;;s:10:&quot;created_by&quot;;s:1:&quot;2&quot;;s:10:&quot;updated_at&quot;;s:19:&quot;2022-07-08 15:31:25&quot;;s:10:&quot;updated_by&quot;;s:1:&quot;2&quot;;}s:11:&quot;answer_data&quot;;O:8:&quot;stdClass&quot;:7:{s:5:&quot;qa_id&quot;;s:2:&quot;39&quot;;s:4:&quot;q_id&quot;;s:2:&quot;44&quot;;s:13:&quot;answer_option&quot;;s:28:&quot;a:1:{i:0;s:1:&amp;quot;4&amp;quot;;}&quot;;s:10:&quot;created_by&quot;;s:1:&quot;2&quot;;s:10:&quot;created_at&quot;;s:19:&quot;2022-07-08 15:31:25&quot;;s:10:&quot;updated_by&quot;;s:1:&quot;2&quot;;s:10:&quot;updated_at&quot;;s:19:&quot;2022-07-08 15:31:25&quot;;}s:12:&quot;given_answer&quot;;a:1:{i:0;s:1:&quot;1&quot;;}s:10:&quot;is_correct&quot;;s:2:&quot;No&quot;;}i:4;a:5:{s:13:&quot;question_data&quot;;O:8:&quot;stdClass&quot;:8:{s:4:&quot;q_id&quot;;s:2:&quot;49&quot;;s:8:&quot;question&quot;;s:228:&quot;&amp;lt;p&amp;gt;TEst&amp;lt;/p&amp;gt;&amp;lt;figure class=&amp;quot;image image_resized&amp;quot; style=&amp;quot;width:29.37%;&amp;quot;&amp;gt;&amp;lt;img src=&amp;quot;http://localhost/ShopifyQuiz/admin/uploadFile/files/linkedin-logo-png-2026.png&amp;quot;&amp;gt;&amp;lt;/figure&amp;gt;&quot;;s:13:&quot;question_type&quot;;s:1:&quot;3&quot;;s:6:&quot;status&quot;;s:1:&quot;1&quot;;s:10:&quot;created_at&quot;;s:19:&quot;2022-07-08 19:04:50&quot;;s:10:&quot;created_by&quot;;s:1:&quot;2&quot;;s:10:&quot;updated_at&quot;;s:19:&quot;2022-07-22 12:22:01&quot;;s:10:&quot;updated_by&quot;;s:1:&quot;2&quot;;}s:11:&quot;option_data&quot;;O:8:&quot;stdClass&quot;:8:{s:10:&quot;options_id&quot;;s:2:&quot;44&quot;;s:4:&quot;q_id&quot;;s:2:&quot;49&quot;;s:8:&quot;q_option&quot;;s:57:&quot;a:2:{i:0;s:4:&amp;quot;True&amp;quot;;i:1;s:5:&amp;quot;False&amp;quot;;}&quot;;s:6:&quot;status&quot;;s:1:&quot;1&quot;;s:10:&quot;created_at&quot;;s:19:&quot;2022-07-08 19:04:50&quot;;s:10:&quot;created_by&quot;;s:1:&quot;2&quot;;s:10:&quot;updated_at&quot;;s:19:&quot;2022-07-08 19:04:50&quot;;s:10:&quot;updated_by&quot;;s:1:&quot;2&quot;;}s:11:&quot;answer_data&quot;;O:8:&quot;stdClass&quot;:7:{s:5:&quot;qa_id&quot;;s:2:&quot;44&quot;;s:4:&quot;q_id&quot;;s:2:&quot;49&quot;;s:13:&quot;answer_option&quot;;s:31:&quot;a:1:{i:0;s:4:&amp;quot;True&amp;quot;;}&quot;;s:10:&quot;created_by&quot;;s:1:&quot;2&quot;;s:10:&quot;created_at&quot;;s:19:&quot;2022-07-08 19:04:50&quot;;s:10:&quot;updated_by&quot;;s:1:&quot;2&quot;;s:10:&quot;updated_at&quot;;s:19:&quot;2022-07-08 19:04:50&quot;;}s:12:&quot;given_answer&quot;;a:1:{i:0;s:5:&quot;False&quot;;}s:10:&quot;is_correct&quot;;s:2:&quot;No&quot;;}i:5;a:5:{s:13:&quot;question_data&quot;;O:8:&quot;stdClass&quot;:8:{s:4:&quot;q_id&quot;;s:2:&quot;47&quot;;s:8:&quot;question&quot;;s:141:&quot;&amp;lt;figure class=&amp;quot;image&amp;quot;&amp;gt;&amp;lt;img src=&amp;quot;http://localhost/ShopifyQuiz/admin/uploadFile/files/code.png&amp;quot;&amp;gt;&amp;lt;/figure&amp;gt;&quot;;s:13:&quot;question_type&quot;;s:1:&quot;1&quot;;s:6:&quot;status&quot;;s:1:&quot;1&quot;;s:10:&quot;created_at&quot;;s:19:&quot;2022-07-08 15:48:39&quot;;s:10:&quot;created_by&quot;;s:1:&quot;2&quot;;s:10:&quot;updated_at&quot;;s:19:&quot;2022-07-22 12:22:01&quot;;s:10:&quot;updated_by&quot;;s:1:&quot;2&quot;;}s:11:&quot;option_data&quot;;O:8:&quot;stdClass&quot;:8:{s:10:&quot;options_id&quot;;s:2:&quot;42&quot;;s:4:&quot;q_id&quot;;s:2:&quot;47&quot;;s:8:&quot;q_option&quot;;s:190:&quot;a:5:{i:0;s:18:&amp;quot;50px, 150px, 300px&amp;quot;;i:1;s:18:&amp;quot;50px, 200px, 300px&amp;quot;;i:2;s:18:&amp;quot;50px, 100px, 200px&amp;quot;;i:3;s:17:&amp;quot;50px, 50px, 100px&amp;quot;;i:4;s:4:&amp;quot;True&amp;quot;;}&quot;;s:6:&quot;status&quot;;s:1:&quot;1&quot;;s:10:&quot;created_at&quot;;s:19:&quot;2022-07-08 15:48:39&quot;;s:10:&quot;created_by&quot;;s:1:&quot;2&quot;;s:10:&quot;updated_at&quot;;s:19:&quot;2022-07-08 15:49:04&quot;;s:10:&quot;updated_by&quot;;s:1:&quot;2&quot;;}s:11:&quot;answer_data&quot;;O:8:&quot;stdClass&quot;:7:{s:5:&quot;qa_id&quot;;s:2:&quot;42&quot;;s:4:&quot;q_id&quot;;s:2:&quot;47&quot;;s:13:&quot;answer_option&quot;;s:28:&quot;a:1:{i:0;s:1:&amp;quot;3&amp;quot;;}&quot;;s:10:&quot;created_by&quot;;s:1:&quot;2&quot;;s:10:&quot;created_at&quot;;s:19:&quot;2022-07-08 15:48:39&quot;;s:10:&quot;updated_by&quot;;s:1:&quot;2&quot;;s:10:&quot;updated_at&quot;;s:19:&quot;2022-07-08 15:48:39&quot;;}s:12:&quot;given_answer&quot;;a:1:{i:0;s:1:&quot;4&quot;;}s:10:&quot;is_correct&quot;;s:2:&quot;No&quot;;}i:6;a:5:{s:13:&quot;question_data&quot;;O:8:&quot;stdClass&quot;:8:{s:4:&quot;q_id&quot;;s:2:&quot;42&quot;;s:8:&quot;question&quot;;s:52:&quot;&amp;lt;p&amp;gt;Which one is the dynamic section?&amp;lt;/p&amp;gt;&quot;;s:13:&quot;question_type&quot;;s:1:&quot;1&quot;;s:6:&quot;status&quot;;s:1:&quot;1&quot;;s:10:&quot;created_at&quot;;s:19:&quot;2022-07-08 15:20:55&quot;;s:10:&quot;created_by&quot;;s:1:&quot;2&quot;;s:10:&quot;updated_at&quot;;s:19:&quot;2022-07-22 12:22:01&quot;;s:10:&quot;updated_by&quot;;s:1:&quot;2&quot;;}s:11:&quot;option_data&quot;;O:8:&quot;stdClass&quot;:8:{s:10:&quot;options_id&quot;;s:2:&quot;37&quot;;s:4:&quot;q_id&quot;;s:2:&quot;42&quot;;s:8:&quot;q_option&quot;;s:137:&quot;a:4:{i:0;s:6:&amp;quot;Header&amp;quot;;i:1;s:16:&amp;quot;Product Template&amp;quot;;i:2;s:17:&amp;quot;Featured Products&amp;quot;;i:3;s:6:&amp;quot;Footer&amp;quot;;}&quot;;s:6:&quot;status&quot;;s:1:&quot;1&quot;;s:10:&quot;created_at&quot;;s:19:&quot;2022-07-08 15:20:55&quot;;s:10:&quot;created_by&quot;;s:1:&quot;2&quot;;s:10:&quot;updated_at&quot;;s:19:&quot;2022-07-08 15:20:55&quot;;s:10:&quot;updated_by&quot;;s:1:&quot;2&quot;;}s:11:&quot;answer_data&quot;;O:8:&quot;stdClass&quot;:7:{s:5:&quot;qa_id&quot;;s:2:&quot;37&quot;;s:4:&quot;q_id&quot;;s:2:&quot;42&quot;;s:13:&quot;answer_option&quot;;s:28:&quot;a:1:{i:0;s:1:&amp;quot;3&amp;quot;;}&quot;;s:10:&quot;created_by&quot;;s:1:&quot;2&quot;;s:10:&quot;created_at&quot;;s:19:&quot;2022-07-08 15:20:55&quot;;s:10:&quot;updated_by&quot;;s:1:&quot;2&quot;;s:10:&quot;updated_at&quot;;s:19:&quot;2022-07-08 15:20:55&quot;;}s:12:&quot;given_answer&quot;;a:1:{i:0;s:1:&quot;4&quot;;}s:10:&quot;is_correct&quot;;s:2:&quot;No&quot;;}i:7;a:3:{s:13:&quot;question_data&quot;;O:8:&quot;stdClass&quot;:8:{s:4:&quot;q_id&quot;;s:2:&quot;43&quot;;s:8:&quot;question&quot;;s:67:&quot;&amp;lt;p&amp;gt;What\'s a locale file and the extension of files?&amp;lt;/p&amp;gt;&quot;;s:13:&quot;question_type&quot;;s:1:&quot;1&quot;;s:6:&quot;status&quot;;s:1:&quot;1&quot;;s:10:&quot;created_at&quot;;s:19:&quot;2022-07-08 15:22:48&quot;;s:10:&quot;created_by&quot;;s:1:&quot;2&quot;;s:10:&quot;updated_at&quot;;s:19:&quot;2022-07-22 12:22:01&quot;;s:10:&quot;updated_by&quot;;s:1:&quot;2&quot;;}s:11:&quot;option_data&quot;;O:8:&quot;stdClass&quot;:8:{s:10:&quot;options_id&quot;;s:2:&quot;38&quot;;s:4:&quot;q_id&quot;;s:2:&quot;43&quot;;s:8:&quot;q_option&quot;;s:259:&quot;a:4:{i:0;s:36:&amp;quot;Used for displaying section, .liquid&amp;quot;;i:1;s:37:&amp;quot;Contains a set of translations, .json&amp;quot;;i:2;s:53:&amp;quot;every language that\'s available in the theme, .liquid&amp;quot;;i:3;s:39:&amp;quot;Contains a set of translations, .liquid&amp;quot;;}&quot;;s:6:&quot;status&quot;;s:1:&quot;1&quot;;s:10:&quot;created_at&quot;;s:19:&quot;2022-07-08 15:22:48&quot;;s:10:&quot;created_by&quot;;s:1:&quot;2&quot;;s:10:&quot;updated_at&quot;;s:19:&quot;2022-07-08 15:22:48&quot;;s:10:&quot;updated_by&quot;;s:1:&quot;2&quot;;}s:11:&quot;answer_data&quot;;O:8:&quot;stdClass&quot;:7:{s:5:&quot;qa_id&quot;;s:2:&quot;38&quot;;s:4:&quot;q_id&quot;;s:2:&quot;43&quot;;s:13:&quot;answer_option&quot;;s:28:&quot;a:1:{i:0;s:1:&amp;quot;2&amp;quot;;}&quot;;s:10:&quot;created_by&quot;;s:1:&quot;2&quot;;s:10:&quot;created_at&quot;;s:19:&quot;2022-07-08 15:22:48&quot;;s:10:&quot;updated_by&quot;;s:1:&quot;2&quot;;s:10:&quot;updated_at&quot;;s:19:&quot;2022-07-08 15:22:48&quot;;}}i:8;a:3:{s:13:&quot;question_data&quot;;O:8:&quot;stdClass&quot;:8:{s:4:&quot;q_id&quot;;s:2:&quot;46&quot;;s:8:&quot;question&quot;;s:85:&quot;&amp;lt;p&amp;gt;Is it possible to declare more than one block array in a section??&amp;lt;/p&amp;gt;&quot;;s:13:&quot;question_type&quot;;s:1:&quot;3&quot;;s:6:&quot;status&quot;;s:1:&quot;1&quot;;s:10:&quot;created_at&quot;;s:19:&quot;2022-07-08 15:35:07&quot;;s:10:&quot;created_by&quot;;s:1:&quot;2&quot;;s:10:&quot;updated_at&quot;;s:19:&quot;2022-07-22 12:22:01&quot;;s:10:&quot;updated_by&quot;;s:1:&quot;2&quot;;}s:11:&quot;option_data&quot;;O:8:&quot;stdClass&quot;:8:{s:10:&quot;options_id&quot;;s:2:&quot;41&quot;;s:4:&quot;q_id&quot;;s:2:&quot;46&quot;;s:8:&quot;q_option&quot;;s:57:&quot;a:2:{i:0;s:4:&amp;quot;True&amp;quot;;i:1;s:5:&amp;quot;False&amp;quot;;}&quot;;s:6:&quot;status&quot;;s:1:&quot;1&quot;;s:10:&quot;created_at&quot;;s:19:&quot;2022-07-08 15:35:07&quot;;s:10:&quot;created_by&quot;;s:1:&quot;2&quot;;s:10:&quot;updated_at&quot;;s:19:&quot;2022-07-08 15:35:07&quot;;s:10:&quot;updated_by&quot;;s:1:&quot;2&quot;;}s:11:&quot;answer_data&quot;;O:8:&quot;stdClass&quot;:7:{s:5:&quot;qa_id&quot;;s:2:&quot;41&quot;;s:4:&quot;q_id&quot;;s:2:&quot;46&quot;;s:13:&quot;answer_option&quot;;s:31:&quot;a:1:{i:0;s:4:&amp;quot;True&amp;quot;;}&quot;;s:10:&quot;created_by&quot;;s:1:&quot;2&quot;;s:10:&quot;created_at&quot;;s:19:&quot;2022-07-08 15:35:07&quot;;s:10:&quot;updated_by&quot;;s:1:&quot;2&quot;;s:10:&quot;updated_at&quot;;s:19:&quot;2022-07-08 15:35:07&quot;;}}}', '2022-07-27 14:42:40');

-- --------------------------------------------------------

--
-- Table structure for table `tbl_test`
--

CREATE TABLE `tbl_test` (
  `test_id` int(11) NOT NULL,
  `topic` text NOT NULL,
  `test_code` varchar(255) NOT NULL,
  `passcode` varchar(255) NOT NULL DEFAULT 'TEST',
  `test_instruction` longtext,
  `test_time` varchar(255) NOT NULL,
  `test_marks` int(11) NOT NULL,
  `question_ids` text,
  `status` int(11) NOT NULL DEFAULT '0',
  `created_by` int(11) DEFAULT NULL,
  `created_at` timestamp NOT NULL DEFAULT CURRENT_TIMESTAMP,
  `updated_by` int(11) DEFAULT NULL,
  `updated_at` timestamp NOT NULL DEFAULT CURRENT_TIMESTAMP ON UPDATE CURRENT_TIMESTAMP
) ENGINE=InnoDB DEFAULT CHARSET=latin1;

--
-- Dumping data for table `tbl_test`
--

INSERT INTO `tbl_test` (`test_id`, `topic`, `test_code`, `passcode`, `test_instruction`, `test_time`, `test_marks`, `question_ids`, `status`, `created_by`, `created_at`, `updated_by`, `updated_at`) VALUES
(1, '&lt;p&gt;gfdg&lt;/p&gt;', 'ydUsjsrDc3', 'TEST', '&lt;ol&gt;&lt;li&gt;test 3&lt;br&gt;test3&amp;nbsp;&lt;br&gt;ffd 4&lt;br&gt;sdfsdf 5&lt;/li&gt;&lt;/ol&gt;', '2', 1, NULL, 1, NULL, '2022-07-18 11:43:04', NULL, '2022-07-23 12:04:25'),
(2, '&lt;p&gt;xcvxcvv&lt;/p&gt;', 'cp4yfjp0jR', 'TEST', '', '20', 1, NULL, 0, NULL, '2022-07-18 11:56:52', NULL, '2022-07-20 12:17:36'),
(3, '&lt;p&gt;fd&lt;/p&gt;', '6sFZK3ueNj', 'TEST', '', '20', 1, NULL, 0, NULL, '2022-07-18 12:02:16', NULL, '2022-07-20 12:17:40'),
(4, '&lt;p&gt;gfdg&lt;/p&gt;', 'JMFuFGVt6Z', 'TEST', '', '20', 1, NULL, 0, NULL, '2022-07-18 12:08:35', NULL, '2022-07-20 12:17:42'),
(5, '&lt;p&gt;Shopify Quiz&amp;nbsp;&lt;/p&gt;', 'sWq6y5OTyt', 'TEST', '&lt;ol&gt;&lt;li&gt;test 3&lt;br&gt;test3&amp;nbsp;&lt;br&gt;ffd 4&lt;br&gt;sdfsdf 5&lt;/li&gt;&lt;/ol&gt;', '20', 1, NULL, 0, NULL, '2022-07-22 08:30:23', NULL, '2022-07-22 08:30:23'),
(6, '&lt;p&gt;test&lt;/p&gt;', 'DgZXyeA8iR', 'TEST1', '', '20', 1, NULL, 0, NULL, '2022-07-22 10:02:18', NULL, '2022-07-22 10:02:18'),
(7, '&lt;p&gt;test&lt;/p&gt;', 'mdh0x6P9kT', 'TEST', '&lt;p&gt;test&lt;/p&gt;', '20', 1, NULL, 0, NULL, '2022-07-27 14:31:54', NULL, '2022-07-27 14:31:54');

-- --------------------------------------------------------

--
-- Table structure for table `tbl_user_master`
--

CREATE TABLE `tbl_user_master` (
  `id` int(11) NOT NULL,
  `email_id` varchar(255) NOT NULL,
  `password` varchar(255) NOT NULL,
  `title` char(5) DEFAULT NULL,
  `first_name` varchar(255) DEFAULT NULL,
  `middle_name` varchar(255) DEFAULT NULL,
  `last_name` varchar(255) DEFAULT NULL,
  `user_type` int(11) DEFAULT '2',
  `employee_id` int(11) DEFAULT NULL,
  `status` int(11) NOT NULL DEFAULT '0',
  `is_deleted` int(11) NOT NULL DEFAULT '0',
  `created_at` timestamp NOT NULL DEFAULT CURRENT_TIMESTAMP,
  `created_by` int(11) DEFAULT NULL,
  `updated_at` timestamp NOT NULL DEFAULT CURRENT_TIMESTAMP ON UPDATE CURRENT_TIMESTAMP,
  `updated_by` int(11) DEFAULT NULL
) ENGINE=InnoDB DEFAULT CHARSET=latin1;

--
-- Dumping data for table `tbl_user_master`
--

INSERT INTO `tbl_user_master` (`id`, `email_id`, `password`, `title`, `first_name`, `middle_name`, `last_name`, `user_type`, `employee_id`, `status`, `is_deleted`, `created_at`, `created_by`, `updated_at`, `updated_by`) VALUES
(1, 'adityapatel2021sep@cedcommerce.com', '', 'mr', 'test', NULL, NULL, 2, NULL, 0, 0, '2022-06-01 09:31:35', NULL, '2022-06-03 09:42:43', NULL),
(2, 'admin@gmail.com', '$2y$10$Lx.NqnRiBVGd1c5oL07q/u5ZFGZldPHtDGNeNAGvYYodhdlv/MhrO', 'mr', 'Admin', NULL, NULL, 1, NULL, 0, 0, '2022-06-21 04:11:58', NULL, '2022-06-21 05:17:49', NULL);

--
-- Indexes for dumped tables
--

--
-- Indexes for table `tbl_config`
--
ALTER TABLE `tbl_config`
  ADD PRIMARY KEY (`id`);

--
-- Indexes for table `tbl_questions`
--
ALTER TABLE `tbl_questions`
  ADD PRIMARY KEY (`q_id`);

--
-- Indexes for table `tbl_question_answer`
--
ALTER TABLE `tbl_question_answer`
  ADD PRIMARY KEY (`qa_id`);

--
-- Indexes for table `tbl_question_options`
--
ALTER TABLE `tbl_question_options`
  ADD PRIMARY KEY (`options_id`);

--
-- Indexes for table `tbl_score`
--
ALTER TABLE `tbl_score`
  ADD PRIMARY KEY (`score_id`);

--
-- Indexes for table `tbl_score_details`
--
ALTER TABLE `tbl_score_details`
  ADD PRIMARY KEY (`score_details_id`);

--
-- Indexes for table `tbl_test`
--
ALTER TABLE `tbl_test`
  ADD PRIMARY KEY (`test_id`);

--
-- Indexes for table `tbl_user_master`
--
ALTER TABLE `tbl_user_master`
  ADD PRIMARY KEY (`id`);

--
-- AUTO_INCREMENT for dumped tables
--

--
-- AUTO_INCREMENT for table `tbl_config`
--
ALTER TABLE `tbl_config`
  MODIFY `id` int(11) NOT NULL AUTO_INCREMENT, AUTO_INCREMENT=2;

--
-- AUTO_INCREMENT for table `tbl_questions`
--
ALTER TABLE `tbl_questions`
  MODIFY `q_id` int(11) NOT NULL AUTO_INCREMENT, AUTO_INCREMENT=50;

--
-- AUTO_INCREMENT for table `tbl_question_answer`
--
ALTER TABLE `tbl_question_answer`
  MODIFY `qa_id` int(11) NOT NULL AUTO_INCREMENT, AUTO_INCREMENT=45;

--
-- AUTO_INCREMENT for table `tbl_question_options`
--
ALTER TABLE `tbl_question_options`
  MODIFY `options_id` int(11) NOT NULL AUTO_INCREMENT, AUTO_INCREMENT=45;

--
-- AUTO_INCREMENT for table `tbl_score`
--
ALTER TABLE `tbl_score`
  MODIFY `score_id` int(11) NOT NULL AUTO_INCREMENT, AUTO_INCREMENT=6;

--
-- AUTO_INCREMENT for table `tbl_score_details`
--
ALTER TABLE `tbl_score_details`
  MODIFY `score_details_id` int(11) NOT NULL AUTO_INCREMENT, AUTO_INCREMENT=6;

--
-- AUTO_INCREMENT for table `tbl_test`
--
ALTER TABLE `tbl_test`
  MODIFY `test_id` int(11) NOT NULL AUTO_INCREMENT, AUTO_INCREMENT=8;

--
-- AUTO_INCREMENT for table `tbl_user_master`
--
ALTER TABLE `tbl_user_master`
  MODIFY `id` int(11) NOT NULL AUTO_INCREMENT, AUTO_INCREMENT=3;
COMMIT;

/*!40101 SET CHARACTER_SET_CLIENT=@OLD_CHARACTER_SET_CLIENT */;
/*!40101 SET CHARACTER_SET_RESULTS=@OLD_CHARACTER_SET_RESULTS */;
/*!40101 SET COLLATION_CONNECTION=@OLD_COLLATION_CONNECTION */;
